-- Seed data for traffic module test datasets
TRUNCATE traffic_count_record, traffic_survey, pcu_lookup, night_adjustment_lookup, grms_road, grms_adminworeda, grms_adminzone RESTART IDENTITY CASCADE;

-- Administrative lookups
INSERT INTO grms_adminzone (name, region) VALUES ('Tigray', 'Tigray');
INSERT INTO grms_adminworeda (name, zone_id) VALUES ('Mekelle Woreda', 1);

-- Road
INSERT INTO grms_road (road_identifier, road_name_from, road_name_to, design_standard, admin_zone_id, admin_woreda_id, total_length_km, surface_type, managing_authority, remarks) VALUES ('RTR-101', 'Mekelle', 'Wukro', 'DC2', 1, 1, 46.2, 'Gravel', 'Regional', 'Sample road for traffic test data');

-- Night adjustment lookups
INSERT INTO night_adjustment_lookup (hours_counted, adjustment_factor, effective_date, region, notes) VALUES (12, 1.33, '2020-01-01', 'National', 'ERA default night adjustment');
INSERT INTO night_adjustment_lookup (hours_counted, adjustment_factor, effective_date, region, notes) VALUES (24, 1.00, '2020-01-01', 'National', 'Full day counts');

-- PCU lookups
INSERT INTO pcu_lookup (pcu_id, vehicle_class, pcu_factor, effective_date, region, notes) VALUES (1, 'Car', 1.000, '2020-01-01', 'National', 'Baseline PCU');
INSERT INTO pcu_lookup (pcu_id, vehicle_class, pcu_factor, effective_date, region, notes) VALUES (2, 'LightGoods', 1.200, '2020-01-01', 'National', 'Baseline PCU');
INSERT INTO pcu_lookup (pcu_id, vehicle_class, pcu_factor, effective_date, region, notes) VALUES (3, 'MiniBus', 1.500, '2020-01-01', 'National', 'Baseline PCU');
INSERT INTO pcu_lookup (pcu_id, vehicle_class, pcu_factor, effective_date, region, notes) VALUES (4, 'MediumGoods', 2.500, '2020-01-01', 'National', 'Baseline PCU');
INSERT INTO pcu_lookup (pcu_id, vehicle_class, pcu_factor, effective_date, region, notes) VALUES (5, 'HeavyGoods', 3.500, '2020-01-01', 'National', 'Baseline PCU');
INSERT INTO pcu_lookup (pcu_id, vehicle_class, pcu_factor, effective_date, region, notes) VALUES (6, 'Bus', 3.000, '2020-01-01', 'National', 'Baseline PCU');
INSERT INTO pcu_lookup (pcu_id, vehicle_class, pcu_factor, effective_date, region, notes) VALUES (7, 'Tractor', 4.000, '2020-01-01', 'National', 'Baseline PCU');
INSERT INTO pcu_lookup (pcu_id, vehicle_class, pcu_factor, effective_date, region, notes) VALUES (8, 'Motorcycle', 0.500, '2020-01-01', 'National', 'Baseline PCU');
INSERT INTO pcu_lookup (pcu_id, vehicle_class, pcu_factor, effective_date, region, notes) VALUES (9, 'Bicycle', 0.200, '2020-01-01', 'National', 'Baseline PCU');
INSERT INTO pcu_lookup (pcu_id, vehicle_class, pcu_factor, effective_date, region, notes) VALUES (10, 'Pedestrian', 0.100, '2020-01-01', 'National', 'Baseline PCU');

-- Traffic surveys and counts
INSERT INTO traffic_survey (survey_id, road_id, station_location, survey_year, cycle_number, count_start_date, count_end_date, count_days_per_cycle, count_hours_per_day, night_adjustment_factor, override_night_factor, method, observer, weather_notes, qa_status, created_at) VALUES (1, 1, ST_SetSRID(ST_MakePoint(39.47, 13.49), 4326), 2024, 1, '2024-01-01', DATE '2024-01-01' + INTERVAL '6 days', 7, 12, 1.33, FALSE, 'MOC', 'ERA Test Team', '', 'Draft', TIMESTAMP '2024-01-01');
INSERT INTO traffic_count_record (count_id, traffic_survey_id, count_date, time_block_from, time_block_to, cars, light_goods, minibuses, medium_goods, heavy_goods, buses, tractors, motorcycles, bicycles, pedestrians, is_market_day, created_at) VALUES (1, 1, DATE '2024-01-01' + INTERVAL '0 day', NULL, NULL, 120, 0, 0, 0, 0, 0, 0, 0, 0, 0, FALSE, DATE '2024-01-01' + INTERVAL '0 day' + INTERVAL '0 hour');
INSERT INTO traffic_count_record (count_id, traffic_survey_id, count_date, time_block_from, time_block_to, cars, light_goods, minibuses, medium_goods, heavy_goods, buses, tractors, motorcycles, bicycles, pedestrians, is_market_day, created_at) VALUES (2, 1, DATE '2024-01-01' + INTERVAL '0 day', NULL, NULL, 0, 60, 0, 0, 0, 0, 0, 0, 0, 0, FALSE, DATE '2024-01-01' + INTERVAL '0 day' + INTERVAL '0 hour');
INSERT INTO traffic_count_record (count_id, traffic_survey_id, count_date, time_block_from, time_block_to, cars, light_goods, minibuses, medium_goods, heavy_goods, buses, tractors, motorcycles, bicycles, pedestrians, is_market_day, created_at) VALUES (3, 1, DATE '2024-01-01' + INTERVAL '0 day', NULL, NULL, 0, 0, 45, 0, 0, 0, 0, 0, 0, 0, FALSE, DATE '2024-01-01' + INTERVAL '0 day' + INTERVAL '0 hour');
INSERT INTO traffic_count_record (count_id, traffic_survey_id, count_date, time_block_from, time_block_to, cars, light_goods, minibuses, medium_goods, heavy_goods, buses, tractors, motorcycles, bicycles, pedestrians, is_market_day, created_at) VALUES (4, 1, DATE '2024-01-01' + INTERVAL '0 day', NULL, NULL, 0, 0, 0, 20, 0, 0, 0, 0, 0, 0, FALSE, DATE '2024-01-01' + INTERVAL '0 day' + INTERVAL '0 hour');
INSERT INTO traffic_count_record (count_id, traffic_survey_id, count_date, time_block_from, time_block_to, cars, light_goods, minibuses, medium_goods, heavy_goods, buses, tractors, motorcycles, bicycles, pedestrians, is_market_day, created_at) VALUES (5, 1, DATE '2024-01-01' + INTERVAL '0 day', NULL, NULL, 0, 0, 0, 0, 8, 0, 0, 0, 0, 0, FALSE, DATE '2024-01-01' + INTERVAL '0 day' + INTERVAL '0 hour');
INSERT INTO traffic_count_record (count_id, traffic_survey_id, count_date, time_block_from, time_block_to, cars, light_goods, minibuses, medium_goods, heavy_goods, buses, tractors, motorcycles, bicycles, pedestrians, is_market_day, created_at) VALUES (6, 1, DATE '2024-01-01' + INTERVAL '0 day', NULL, NULL, 0, 0, 0, 0, 0, 10, 0, 0, 0, 0, FALSE, DATE '2024-01-01' + INTERVAL '0 day' + INTERVAL '0 hour');
INSERT INTO traffic_count_record (count_id, traffic_survey_id, count_date, time_block_from, time_block_to, cars, light_goods, minibuses, medium_goods, heavy_goods, buses, tractors, motorcycles, bicycles, pedestrians, is_market_day, created_at) VALUES (7, 1, DATE '2024-01-01' + INTERVAL '0 day', NULL, NULL, 0, 0, 0, 0, 0, 0, 5, 0, 0, 0, FALSE, DATE '2024-01-01' + INTERVAL '0 day' + INTERVAL '0 hour');
INSERT INTO traffic_count_record (count_id, traffic_survey_id, count_date, time_block_from, time_block_to, cars, light_goods, minibuses, medium_goods, heavy_goods, buses, tractors, motorcycles, bicycles, pedestrians, is_market_day, created_at) VALUES (8, 1, DATE '2024-01-01' + INTERVAL '0 day', NULL, NULL, 0, 0, 0, 0, 0, 0, 0, 70, 0, 0, FALSE, DATE '2024-01-01' + INTERVAL '0 day' + INTERVAL '0 hour');
INSERT INTO traffic_count_record (count_id, traffic_survey_id, count_date, time_block_from, time_block_to, cars, light_goods, minibuses, medium_goods, heavy_goods, buses, tractors, motorcycles, bicycles, pedestrians, is_market_day, created_at) VALUES (9, 1, DATE '2024-01-01' + INTERVAL '0 day', NULL, NULL, 0, 0, 0, 0, 0, 0, 0, 0, 30, 0, FALSE, DATE '2024-01-01' + INTERVAL '0 day' + INTERVAL '0 hour');
INSERT INTO traffic_count_record (count_id, traffic_survey_id, count_date, time_block_from, time_block_to, cars, light_goods, minibuses, medium_goods, heavy_goods, buses, tractors, motorcycles, bicycles, pedestrians, is_market_day, created_at) VALUES (10, 1, DATE '2024-01-01' + INTERVAL '0 day', NULL, NULL, 0, 0, 0, 0, 0, 0, 0, 0, 0, 150, FALSE, DATE '2024-01-01' + INTERVAL '0 day' + INTERVAL '0 hour');
INSERT INTO traffic_count_record (count_id, traffic_survey_id, count_date, time_block_from, time_block_to, cars, light_goods, minibuses, medium_goods, heavy_goods, buses, tractors, motorcycles, bicycles, pedestrians, is_market_day, created_at) VALUES (11, 1, DATE '2024-01-01' + INTERVAL '1 day', NULL, NULL, 126, 0, 0, 0, 0, 0, 0, 0, 0, 0, FALSE, DATE '2024-01-01' + INTERVAL '1 day' + INTERVAL '1 hour');
INSERT INTO traffic_count_record (count_id, traffic_survey_id, count_date, time_block_from, time_block_to, cars, light_goods, minibuses, medium_goods, heavy_goods, buses, tractors, motorcycles, bicycles, pedestrians, is_market_day, created_at) VALUES (12, 1, DATE '2024-01-01' + INTERVAL '1 day', NULL, NULL, 0, 63, 0, 0, 0, 0, 0, 0, 0, 0, FALSE, DATE '2024-01-01' + INTERVAL '1 day' + INTERVAL '1 hour');
INSERT INTO traffic_count_record (count_id, traffic_survey_id, count_date, time_block_from, time_block_to, cars, light_goods, minibuses, medium_goods, heavy_goods, buses, tractors, motorcycles, bicycles, pedestrians, is_market_day, created_at) VALUES (13, 1, DATE '2024-01-01' + INTERVAL '1 day', NULL, NULL, 0, 0, 47, 0, 0, 0, 0, 0, 0, 0, FALSE, DATE '2024-01-01' + INTERVAL '1 day' + INTERVAL '1 hour');
INSERT INTO traffic_count_record (count_id, traffic_survey_id, count_date, time_block_from, time_block_to, cars, light_goods, minibuses, medium_goods, heavy_goods, buses, tractors, motorcycles, bicycles, pedestrians, is_market_day, created_at) VALUES (14, 1, DATE '2024-01-01' + INTERVAL '1 day', NULL, NULL, 0, 0, 0, 21, 0, 0, 0, 0, 0, 0, FALSE, DATE '2024-01-01' + INTERVAL '1 day' + INTERVAL '1 hour');
INSERT INTO traffic_count_record (count_id, traffic_survey_id, count_date, time_block_from, time_block_to, cars, light_goods, minibuses, medium_goods, heavy_goods, buses, tractors, motorcycles, bicycles, pedestrians, is_market_day, created_at) VALUES (15, 1, DATE '2024-01-01' + INTERVAL '1 day', NULL, NULL, 0, 0, 0, 0, 8, 0, 0, 0, 0, 0, FALSE, DATE '2024-01-01' + INTERVAL '1 day' + INTERVAL '1 hour');
INSERT INTO traffic_count_record (count_id, traffic_survey_id, count_date, time_block_from, time_block_to, cars, light_goods, minibuses, medium_goods, heavy_goods, buses, tractors, motorcycles, bicycles, pedestrians, is_market_day, created_at) VALUES (16, 1, DATE '2024-01-01' + INTERVAL '1 day', NULL, NULL, 0, 0, 0, 0, 0, 11, 0, 0, 0, 0, FALSE, DATE '2024-01-01' + INTERVAL '1 day' + INTERVAL '1 hour');
INSERT INTO traffic_count_record (count_id, traffic_survey_id, count_date, time_block_from, time_block_to, cars, light_goods, minibuses, medium_goods, heavy_goods, buses, tractors, motorcycles, bicycles, pedestrians, is_market_day, created_at) VALUES (17, 1, DATE '2024-01-01' + INTERVAL '1 day', NULL, NULL, 0, 0, 0, 0, 0, 0, 5, 0, 0, 0, FALSE, DATE '2024-01-01' + INTERVAL '1 day' + INTERVAL '1 hour');
INSERT INTO traffic_count_record (count_id, traffic_survey_id, count_date, time_block_from, time_block_to, cars, light_goods, minibuses, medium_goods, heavy_goods, buses, tractors, motorcycles, bicycles, pedestrians, is_market_day, created_at) VALUES (18, 1, DATE '2024-01-01' + INTERVAL '1 day', NULL, NULL, 0, 0, 0, 0, 0, 0, 0, 74, 0, 0, FALSE, DATE '2024-01-01' + INTERVAL '1 day' + INTERVAL '1 hour');
INSERT INTO traffic_count_record (count_id, traffic_survey_id, count_date, time_block_from, time_block_to, cars, light_goods, minibuses, medium_goods, heavy_goods, buses, tractors, motorcycles, bicycles, pedestrians, is_market_day, created_at) VALUES (19, 1, DATE '2024-01-01' + INTERVAL '1 day', NULL, NULL, 0, 0, 0, 0, 0, 0, 0, 0, 32, 0, FALSE, DATE '2024-01-01' + INTERVAL '1 day' + INTERVAL '1 hour');
INSERT INTO traffic_count_record (count_id, traffic_survey_id, count_date, time_block_from, time_block_to, cars, light_goods, minibuses, medium_goods, heavy_goods, buses, tractors, motorcycles, bicycles, pedestrians, is_market_day, created_at) VALUES (20, 1, DATE '2024-01-01' + INTERVAL '1 day', NULL, NULL, 0, 0, 0, 0, 0, 0, 0, 0, 0, 158, FALSE, DATE '2024-01-01' + INTERVAL '1 day' + INTERVAL '1 hour');
INSERT INTO traffic_count_record (count_id, traffic_survey_id, count_date, time_block_from, time_block_to, cars, light_goods, minibuses, medium_goods, heavy_goods, buses, tractors, motorcycles, bicycles, pedestrians, is_market_day, created_at) VALUES (21, 1, DATE '2024-01-01' + INTERVAL '2 day', NULL, NULL, 114, 0, 0, 0, 0, 0, 0, 0, 0, 0, FALSE, DATE '2024-01-01' + INTERVAL '2 day' + INTERVAL '2 hour');
INSERT INTO traffic_count_record (count_id, traffic_survey_id, count_date, time_block_from, time_block_to, cars, light_goods, minibuses, medium_goods, heavy_goods, buses, tractors, motorcycles, bicycles, pedestrians, is_market_day, created_at) VALUES (22, 1, DATE '2024-01-01' + INTERVAL '2 day', NULL, NULL, 0, 57, 0, 0, 0, 0, 0, 0, 0, 0, FALSE, DATE '2024-01-01' + INTERVAL '2 day' + INTERVAL '2 hour');
INSERT INTO traffic_count_record (count_id, traffic_survey_id, count_date, time_block_from, time_block_to, cars, light_goods, minibuses, medium_goods, heavy_goods, buses, tractors, motorcycles, bicycles, pedestrians, is_market_day, created_at) VALUES (23, 1, DATE '2024-01-01' + INTERVAL '2 day', NULL, NULL, 0, 0, 43, 0, 0, 0, 0, 0, 0, 0, FALSE, DATE '2024-01-01' + INTERVAL '2 day' + INTERVAL '2 hour');
INSERT INTO traffic_count_record (count_id, traffic_survey_id, count_date, time_block_from, time_block_to, cars, light_goods, minibuses, medium_goods, heavy_goods, buses, tractors, motorcycles, bicycles, pedestrians, is_market_day, created_at) VALUES (24, 1, DATE '2024-01-01' + INTERVAL '2 day', NULL, NULL, 0, 0, 0, 19, 0, 0, 0, 0, 0, 0, FALSE, DATE '2024-01-01' + INTERVAL '2 day' + INTERVAL '2 hour');
INSERT INTO traffic_count_record (count_id, traffic_survey_id, count_date, time_block_from, time_block_to, cars, light_goods, minibuses, medium_goods, heavy_goods, buses, tractors, motorcycles, bicycles, pedestrians, is_market_day, created_at) VALUES (25, 1, DATE '2024-01-01' + INTERVAL '2 day', NULL, NULL, 0, 0, 0, 0, 8, 0, 0, 0, 0, 0, FALSE, DATE '2024-01-01' + INTERVAL '2 day' + INTERVAL '2 hour');
INSERT INTO traffic_count_record (count_id, traffic_survey_id, count_date, time_block_from, time_block_to, cars, light_goods, minibuses, medium_goods, heavy_goods, buses, tractors, motorcycles, bicycles, pedestrians, is_market_day, created_at) VALUES (26, 1, DATE '2024-01-01' + INTERVAL '2 day', NULL, NULL, 0, 0, 0, 0, 0, 10, 0, 0, 0, 0, FALSE, DATE '2024-01-01' + INTERVAL '2 day' + INTERVAL '2 hour');
INSERT INTO traffic_count_record (count_id, traffic_survey_id, count_date, time_block_from, time_block_to, cars, light_goods, minibuses, medium_goods, heavy_goods, buses, tractors, motorcycles, bicycles, pedestrians, is_market_day, created_at) VALUES (27, 1, DATE '2024-01-01' + INTERVAL '2 day', NULL, NULL, 0, 0, 0, 0, 0, 0, 5, 0, 0, 0, FALSE, DATE '2024-01-01' + INTERVAL '2 day' + INTERVAL '2 hour');
INSERT INTO traffic_count_record (count_id, traffic_survey_id, count_date, time_block_from, time_block_to, cars, light_goods, minibuses, medium_goods, heavy_goods, buses, tractors, motorcycles, bicycles, pedestrians, is_market_day, created_at) VALUES (28, 1, DATE '2024-01-01' + INTERVAL '2 day', NULL, NULL, 0, 0, 0, 0, 0, 0, 0, 67, 0, 0, FALSE, DATE '2024-01-01' + INTERVAL '2 day' + INTERVAL '2 hour');
INSERT INTO traffic_count_record (count_id, traffic_survey_id, count_date, time_block_from, time_block_to, cars, light_goods, minibuses, medium_goods, heavy_goods, buses, tractors, motorcycles, bicycles, pedestrians, is_market_day, created_at) VALUES (29, 1, DATE '2024-01-01' + INTERVAL '2 day', NULL, NULL, 0, 0, 0, 0, 0, 0, 0, 0, 29, 0, FALSE, DATE '2024-01-01' + INTERVAL '2 day' + INTERVAL '2 hour');
INSERT INTO traffic_count_record (count_id, traffic_survey_id, count_date, time_block_from, time_block_to, cars, light_goods, minibuses, medium_goods, heavy_goods, buses, tractors, motorcycles, bicycles, pedestrians, is_market_day, created_at) VALUES (30, 1, DATE '2024-01-01' + INTERVAL '2 day', NULL, NULL, 0, 0, 0, 0, 0, 0, 0, 0, 0, 143, FALSE, DATE '2024-01-01' + INTERVAL '2 day' + INTERVAL '2 hour');
INSERT INTO traffic_count_record (count_id, traffic_survey_id, count_date, time_block_from, time_block_to, cars, light_goods, minibuses, medium_goods, heavy_goods, buses, tractors, motorcycles, bicycles, pedestrians, is_market_day, created_at) VALUES (31, 1, DATE '2024-01-01' + INTERVAL '3 day', NULL, NULL, 162, 0, 0, 0, 0, 0, 0, 0, 0, 0, TRUE, DATE '2024-01-01' + INTERVAL '3 day' + INTERVAL '3 hour');
INSERT INTO traffic_count_record (count_id, traffic_survey_id, count_date, time_block_from, time_block_to, cars, light_goods, minibuses, medium_goods, heavy_goods, buses, tractors, motorcycles, bicycles, pedestrians, is_market_day, created_at) VALUES (32, 1, DATE '2024-01-01' + INTERVAL '3 day', NULL, NULL, 0, 81, 0, 0, 0, 0, 0, 0, 0, 0, TRUE, DATE '2024-01-01' + INTERVAL '3 day' + INTERVAL '3 hour');
INSERT INTO traffic_count_record (count_id, traffic_survey_id, count_date, time_block_from, time_block_to, cars, light_goods, minibuses, medium_goods, heavy_goods, buses, tractors, motorcycles, bicycles, pedestrians, is_market_day, created_at) VALUES (33, 1, DATE '2024-01-01' + INTERVAL '3 day', NULL, NULL, 0, 0, 61, 0, 0, 0, 0, 0, 0, 0, TRUE, DATE '2024-01-01' + INTERVAL '3 day' + INTERVAL '3 hour');
INSERT INTO traffic_count_record (count_id, traffic_survey_id, count_date, time_block_from, time_block_to, cars, light_goods, minibuses, medium_goods, heavy_goods, buses, tractors, motorcycles, bicycles, pedestrians, is_market_day, created_at) VALUES (34, 1, DATE '2024-01-01' + INTERVAL '3 day', NULL, NULL, 0, 0, 0, 27, 0, 0, 0, 0, 0, 0, TRUE, DATE '2024-01-01' + INTERVAL '3 day' + INTERVAL '3 hour');
INSERT INTO traffic_count_record (count_id, traffic_survey_id, count_date, time_block_from, time_block_to, cars, light_goods, minibuses, medium_goods, heavy_goods, buses, tractors, motorcycles, bicycles, pedestrians, is_market_day, created_at) VALUES (35, 1, DATE '2024-01-01' + INTERVAL '3 day', NULL, NULL, 0, 0, 0, 0, 11, 0, 0, 0, 0, 0, TRUE, DATE '2024-01-01' + INTERVAL '3 day' + INTERVAL '3 hour');
INSERT INTO traffic_count_record (count_id, traffic_survey_id, count_date, time_block_from, time_block_to, cars, light_goods, minibuses, medium_goods, heavy_goods, buses, tractors, motorcycles, bicycles, pedestrians, is_market_day, created_at) VALUES (36, 1, DATE '2024-01-01' + INTERVAL '3 day', NULL, NULL, 0, 0, 0, 0, 0, 14, 0, 0, 0, 0, TRUE, DATE '2024-01-01' + INTERVAL '3 day' + INTERVAL '3 hour');
INSERT INTO traffic_count_record (count_id, traffic_survey_id, count_date, time_block_from, time_block_to, cars, light_goods, minibuses, medium_goods, heavy_goods, buses, tractors, motorcycles, bicycles, pedestrians, is_market_day, created_at) VALUES (37, 1, DATE '2024-01-01' + INTERVAL '3 day', NULL, NULL, 0, 0, 0, 0, 0, 0, 7, 0, 0, 0, TRUE, DATE '2024-01-01' + INTERVAL '3 day' + INTERVAL '3 hour');
INSERT INTO traffic_count_record (count_id, traffic_survey_id, count_date, time_block_from, time_block_to, cars, light_goods, minibuses, medium_goods, heavy_goods, buses, tractors, motorcycles, bicycles, pedestrians, is_market_day, created_at) VALUES (38, 1, DATE '2024-01-01' + INTERVAL '3 day', NULL, NULL, 0, 0, 0, 0, 0, 0, 0, 95, 0, 0, TRUE, DATE '2024-01-01' + INTERVAL '3 day' + INTERVAL '3 hour');
INSERT INTO traffic_count_record (count_id, traffic_survey_id, count_date, time_block_from, time_block_to, cars, light_goods, minibuses, medium_goods, heavy_goods, buses, tractors, motorcycles, bicycles, pedestrians, is_market_day, created_at) VALUES (39, 1, DATE '2024-01-01' + INTERVAL '3 day', NULL, NULL, 0, 0, 0, 0, 0, 0, 0, 0, 41, 0, TRUE, DATE '2024-01-01' + INTERVAL '3 day' + INTERVAL '3 hour');
INSERT INTO traffic_count_record (count_id, traffic_survey_id, count_date, time_block_from, time_block_to, cars, light_goods, minibuses, medium_goods, heavy_goods, buses, tractors, motorcycles, bicycles, pedestrians, is_market_day, created_at) VALUES (40, 1, DATE '2024-01-01' + INTERVAL '3 day', NULL, NULL, 0, 0, 0, 0, 0, 0, 0, 0, 0, 203, TRUE, DATE '2024-01-01' + INTERVAL '3 day' + INTERVAL '3 hour');
INSERT INTO traffic_count_record (count_id, traffic_survey_id, count_date, time_block_from, time_block_to, cars, light_goods, minibuses, medium_goods, heavy_goods, buses, tractors, motorcycles, bicycles, pedestrians, is_market_day, created_at) VALUES (41, 1, DATE '2024-01-01' + INTERVAL '4 day', NULL, NULL, 132, 0, 0, 0, 0, 0, 0, 0, 0, 0, FALSE, DATE '2024-01-01' + INTERVAL '4 day' + INTERVAL '4 hour');
INSERT INTO traffic_count_record (count_id, traffic_survey_id, count_date, time_block_from, time_block_to, cars, light_goods, minibuses, medium_goods, heavy_goods, buses, tractors, motorcycles, bicycles, pedestrians, is_market_day, created_at) VALUES (42, 1, DATE '2024-01-01' + INTERVAL '4 day', NULL, NULL, 0, 66, 0, 0, 0, 0, 0, 0, 0, 0, FALSE, DATE '2024-01-01' + INTERVAL '4 day' + INTERVAL '4 hour');
INSERT INTO traffic_count_record (count_id, traffic_survey_id, count_date, time_block_from, time_block_to, cars, light_goods, minibuses, medium_goods, heavy_goods, buses, tractors, motorcycles, bicycles, pedestrians, is_market_day, created_at) VALUES (43, 1, DATE '2024-01-01' + INTERVAL '4 day', NULL, NULL, 0, 0, 50, 0, 0, 0, 0, 0, 0, 0, FALSE, DATE '2024-01-01' + INTERVAL '4 day' + INTERVAL '4 hour');
INSERT INTO traffic_count_record (count_id, traffic_survey_id, count_date, time_block_from, time_block_to, cars, light_goods, minibuses, medium_goods, heavy_goods, buses, tractors, motorcycles, bicycles, pedestrians, is_market_day, created_at) VALUES (44, 1, DATE '2024-01-01' + INTERVAL '4 day', NULL, NULL, 0, 0, 0, 22, 0, 0, 0, 0, 0, 0, FALSE, DATE '2024-01-01' + INTERVAL '4 day' + INTERVAL '4 hour');
INSERT INTO traffic_count_record (count_id, traffic_survey_id, count_date, time_block_from, time_block_to, cars, light_goods, minibuses, medium_goods, heavy_goods, buses, tractors, motorcycles, bicycles, pedestrians, is_market_day, created_at) VALUES (45, 1, DATE '2024-01-01' + INTERVAL '4 day', NULL, NULL, 0, 0, 0, 0, 9, 0, 0, 0, 0, 0, FALSE, DATE '2024-01-01' + INTERVAL '4 day' + INTERVAL '4 hour');
INSERT INTO traffic_count_record (count_id, traffic_survey_id, count_date, time_block_from, time_block_to, cars, light_goods, minibuses, medium_goods, heavy_goods, buses, tractors, motorcycles, bicycles, pedestrians, is_market_day, created_at) VALUES (46, 1, DATE '2024-01-01' + INTERVAL '4 day', NULL, NULL, 0, 0, 0, 0, 0, 11, 0, 0, 0, 0, FALSE, DATE '2024-01-01' + INTERVAL '4 day' + INTERVAL '4 hour');
INSERT INTO traffic_count_record (count_id, traffic_survey_id, count_date, time_block_from, time_block_to, cars, light_goods, minibuses, medium_goods, heavy_goods, buses, tractors, motorcycles, bicycles, pedestrians, is_market_day, created_at) VALUES (47, 1, DATE '2024-01-01' + INTERVAL '4 day', NULL, NULL, 0, 0, 0, 0, 0, 0, 6, 0, 0, 0, FALSE, DATE '2024-01-01' + INTERVAL '4 day' + INTERVAL '4 hour');
INSERT INTO traffic_count_record (count_id, traffic_survey_id, count_date, time_block_from, time_block_to, cars, light_goods, minibuses, medium_goods, heavy_goods, buses, tractors, motorcycles, bicycles, pedestrians, is_market_day, created_at) VALUES (48, 1, DATE '2024-01-01' + INTERVAL '4 day', NULL, NULL, 0, 0, 0, 0, 0, 0, 0, 77, 0, 0, FALSE, DATE '2024-01-01' + INTERVAL '4 day' + INTERVAL '4 hour');
INSERT INTO traffic_count_record (count_id, traffic_survey_id, count_date, time_block_from, time_block_to, cars, light_goods, minibuses, medium_goods, heavy_goods, buses, tractors, motorcycles, bicycles, pedestrians, is_market_day, created_at) VALUES (49, 1, DATE '2024-01-01' + INTERVAL '4 day', NULL, NULL, 0, 0, 0, 0, 0, 0, 0, 0, 33, 0, FALSE, DATE '2024-01-01' + INTERVAL '4 day' + INTERVAL '4 hour');
INSERT INTO traffic_count_record (count_id, traffic_survey_id, count_date, time_block_from, time_block_to, cars, light_goods, minibuses, medium_goods, heavy_goods, buses, tractors, motorcycles, bicycles, pedestrians, is_market_day, created_at) VALUES (50, 1, DATE '2024-01-01' + INTERVAL '4 day', NULL, NULL, 0, 0, 0, 0, 0, 0, 0, 0, 0, 165, FALSE, DATE '2024-01-01' + INTERVAL '4 day' + INTERVAL '4 hour');
INSERT INTO traffic_count_record (count_id, traffic_survey_id, count_date, time_block_from, time_block_to, cars, light_goods, minibuses, medium_goods, heavy_goods, buses, tractors, motorcycles, bicycles, pedestrians, is_market_day, created_at) VALUES (51, 1, DATE '2024-01-01' + INTERVAL '5 day', NULL, NULL, 72, 0, 0, 0, 0, 0, 0, 0, 0, 0, FALSE, DATE '2024-01-01' + INTERVAL '5 day' + INTERVAL '5 hour');
INSERT INTO traffic_count_record (count_id, traffic_survey_id, count_date, time_block_from, time_block_to, cars, light_goods, minibuses, medium_goods, heavy_goods, buses, tractors, motorcycles, bicycles, pedestrians, is_market_day, created_at) VALUES (52, 1, DATE '2024-01-01' + INTERVAL '5 day', NULL, NULL, 0, 36, 0, 0, 0, 0, 0, 0, 0, 0, FALSE, DATE '2024-01-01' + INTERVAL '5 day' + INTERVAL '5 hour');
INSERT INTO traffic_count_record (count_id, traffic_survey_id, count_date, time_block_from, time_block_to, cars, light_goods, minibuses, medium_goods, heavy_goods, buses, tractors, motorcycles, bicycles, pedestrians, is_market_day, created_at) VALUES (53, 1, DATE '2024-01-01' + INTERVAL '5 day', NULL, NULL, 0, 0, 27, 0, 0, 0, 0, 0, 0, 0, FALSE, DATE '2024-01-01' + INTERVAL '5 day' + INTERVAL '5 hour');
INSERT INTO traffic_count_record (count_id, traffic_survey_id, count_date, time_block_from, time_block_to, cars, light_goods, minibuses, medium_goods, heavy_goods, buses, tractors, motorcycles, bicycles, pedestrians, is_market_day, created_at) VALUES (54, 1, DATE '2024-01-01' + INTERVAL '5 day', NULL, NULL, 0, 0, 0, 12, 0, 0, 0, 0, 0, 0, FALSE, DATE '2024-01-01' + INTERVAL '5 day' + INTERVAL '5 hour');
INSERT INTO traffic_count_record (count_id, traffic_survey_id, count_date, time_block_from, time_block_to, cars, light_goods, minibuses, medium_goods, heavy_goods, buses, tractors, motorcycles, bicycles, pedestrians, is_market_day, created_at) VALUES (55, 1, DATE '2024-01-01' + INTERVAL '5 day', NULL, NULL, 0, 0, 0, 0, 5, 0, 0, 0, 0, 0, FALSE, DATE '2024-01-01' + INTERVAL '5 day' + INTERVAL '5 hour');
INSERT INTO traffic_count_record (count_id, traffic_survey_id, count_date, time_block_from, time_block_to, cars, light_goods, minibuses, medium_goods, heavy_goods, buses, tractors, motorcycles, bicycles, pedestrians, is_market_day, created_at) VALUES (56, 1, DATE '2024-01-01' + INTERVAL '5 day', NULL, NULL, 0, 0, 0, 0, 0, 6, 0, 0, 0, 0, FALSE, DATE '2024-01-01' + INTERVAL '5 day' + INTERVAL '5 hour');
INSERT INTO traffic_count_record (count_id, traffic_survey_id, count_date, time_block_from, time_block_to, cars, light_goods, minibuses, medium_goods, heavy_goods, buses, tractors, motorcycles, bicycles, pedestrians, is_market_day, created_at) VALUES (57, 1, DATE '2024-01-01' + INTERVAL '5 day', NULL, NULL, 0, 0, 0, 0, 0, 0, 3, 0, 0, 0, FALSE, DATE '2024-01-01' + INTERVAL '5 day' + INTERVAL '5 hour');
INSERT INTO traffic_count_record (count_id, traffic_survey_id, count_date, time_block_from, time_block_to, cars, light_goods, minibuses, medium_goods, heavy_goods, buses, tractors, motorcycles, bicycles, pedestrians, is_market_day, created_at) VALUES (58, 1, DATE '2024-01-01' + INTERVAL '5 day', NULL, NULL, 0, 0, 0, 0, 0, 0, 0, 42, 0, 0, FALSE, DATE '2024-01-01' + INTERVAL '5 day' + INTERVAL '5 hour');
INSERT INTO traffic_count_record (count_id, traffic_survey_id, count_date, time_block_from, time_block_to, cars, light_goods, minibuses, medium_goods, heavy_goods, buses, tractors, motorcycles, bicycles, pedestrians, is_market_day, created_at) VALUES (59, 1, DATE '2024-01-01' + INTERVAL '5 day', NULL, NULL, 0, 0, 0, 0, 0, 0, 0, 0, 18, 0, FALSE, DATE '2024-01-01' + INTERVAL '5 day' + INTERVAL '5 hour');
INSERT INTO traffic_count_record (count_id, traffic_survey_id, count_date, time_block_from, time_block_to, cars, light_goods, minibuses, medium_goods, heavy_goods, buses, tractors, motorcycles, bicycles, pedestrians, is_market_day, created_at) VALUES (60, 1, DATE '2024-01-01' + INTERVAL '5 day', NULL, NULL, 0, 0, 0, 0, 0, 0, 0, 0, 0, 90, FALSE, DATE '2024-01-01' + INTERVAL '5 day' + INTERVAL '5 hour');
INSERT INTO traffic_count_record (count_id, traffic_survey_id, count_date, time_block_from, time_block_to, cars, light_goods, minibuses, medium_goods, heavy_goods, buses, tractors, motorcycles, bicycles, pedestrians, is_market_day, created_at) VALUES (61, 1, DATE '2024-01-01' + INTERVAL '6 day', NULL, NULL, 108, 0, 0, 0, 0, 0, 0, 0, 0, 0, FALSE, DATE '2024-01-01' + INTERVAL '6 day' + INTERVAL '6 hour');
INSERT INTO traffic_count_record (count_id, traffic_survey_id, count_date, time_block_from, time_block_to, cars, light_goods, minibuses, medium_goods, heavy_goods, buses, tractors, motorcycles, bicycles, pedestrians, is_market_day, created_at) VALUES (62, 1, DATE '2024-01-01' + INTERVAL '6 day', NULL, NULL, 0, 54, 0, 0, 0, 0, 0, 0, 0, 0, FALSE, DATE '2024-01-01' + INTERVAL '6 day' + INTERVAL '6 hour');
INSERT INTO traffic_count_record (count_id, traffic_survey_id, count_date, time_block_from, time_block_to, cars, light_goods, minibuses, medium_goods, heavy_goods, buses, tractors, motorcycles, bicycles, pedestrians, is_market_day, created_at) VALUES (63, 1, DATE '2024-01-01' + INTERVAL '6 day', NULL, NULL, 0, 0, 41, 0, 0, 0, 0, 0, 0, 0, FALSE, DATE '2024-01-01' + INTERVAL '6 day' + INTERVAL '6 hour');
INSERT INTO traffic_count_record (count_id, traffic_survey_id, count_date, time_block_from, time_block_to, cars, light_goods, minibuses, medium_goods, heavy_goods, buses, tractors, motorcycles, bicycles, pedestrians, is_market_day, created_at) VALUES (64, 1, DATE '2024-01-01' + INTERVAL '6 day', NULL, NULL, 0, 0, 0, 18, 0, 0, 0, 0, 0, 0, FALSE, DATE '2024-01-01' + INTERVAL '6 day' + INTERVAL '6 hour');
INSERT INTO traffic_count_record (count_id, traffic_survey_id, count_date, time_block_from, time_block_to, cars, light_goods, minibuses, medium_goods, heavy_goods, buses, tractors, motorcycles, bicycles, pedestrians, is_market_day, created_at) VALUES (65, 1, DATE '2024-01-01' + INTERVAL '6 day', NULL, NULL, 0, 0, 0, 0, 7, 0, 0, 0, 0, 0, FALSE, DATE '2024-01-01' + INTERVAL '6 day' + INTERVAL '6 hour');
INSERT INTO traffic_count_record (count_id, traffic_survey_id, count_date, time_block_from, time_block_to, cars, light_goods, minibuses, medium_goods, heavy_goods, buses, tractors, motorcycles, bicycles, pedestrians, is_market_day, created_at) VALUES (66, 1, DATE '2024-01-01' + INTERVAL '6 day', NULL, NULL, 0, 0, 0, 0, 0, 9, 0, 0, 0, 0, FALSE, DATE '2024-01-01' + INTERVAL '6 day' + INTERVAL '6 hour');
INSERT INTO traffic_count_record (count_id, traffic_survey_id, count_date, time_block_from, time_block_to, cars, light_goods, minibuses, medium_goods, heavy_goods, buses, tractors, motorcycles, bicycles, pedestrians, is_market_day, created_at) VALUES (67, 1, DATE '2024-01-01' + INTERVAL '6 day', NULL, NULL, 0, 0, 0, 0, 0, 0, 5, 0, 0, 0, FALSE, DATE '2024-01-01' + INTERVAL '6 day' + INTERVAL '6 hour');
INSERT INTO traffic_count_record (count_id, traffic_survey_id, count_date, time_block_from, time_block_to, cars, light_goods, minibuses, medium_goods, heavy_goods, buses, tractors, motorcycles, bicycles, pedestrians, is_market_day, created_at) VALUES (68, 1, DATE '2024-01-01' + INTERVAL '6 day', NULL, NULL, 0, 0, 0, 0, 0, 0, 0, 63, 0, 0, FALSE, DATE '2024-01-01' + INTERVAL '6 day' + INTERVAL '6 hour');
INSERT INTO traffic_count_record (count_id, traffic_survey_id, count_date, time_block_from, time_block_to, cars, light_goods, minibuses, medium_goods, heavy_goods, buses, tractors, motorcycles, bicycles, pedestrians, is_market_day, created_at) VALUES (69, 1, DATE '2024-01-01' + INTERVAL '6 day', NULL, NULL, 0, 0, 0, 0, 0, 0, 0, 0, 27, 0, FALSE, DATE '2024-01-01' + INTERVAL '6 day' + INTERVAL '6 hour');
INSERT INTO traffic_count_record (count_id, traffic_survey_id, count_date, time_block_from, time_block_to, cars, light_goods, minibuses, medium_goods, heavy_goods, buses, tractors, motorcycles, bicycles, pedestrians, is_market_day, created_at) VALUES (70, 1, DATE '2024-01-01' + INTERVAL '6 day', NULL, NULL, 0, 0, 0, 0, 0, 0, 0, 0, 0, 135, FALSE, DATE '2024-01-01' + INTERVAL '6 day' + INTERVAL '6 hour');
INSERT INTO traffic_survey (survey_id, road_id, station_location, survey_year, cycle_number, count_start_date, count_end_date, count_days_per_cycle, count_hours_per_day, night_adjustment_factor, override_night_factor, method, observer, weather_notes, qa_status, created_at) VALUES (2, 1, ST_SetSRID(ST_MakePoint(39.47, 13.49), 4326), 2024, 2, '2024-05-01', DATE '2024-05-01' + INTERVAL '6 days', 7, 12, 1.33, FALSE, 'MOC', 'ERA Test Team', '', 'Draft', TIMESTAMP '2024-05-01');
INSERT INTO traffic_count_record (count_id, traffic_survey_id, count_date, time_block_from, time_block_to, cars, light_goods, minibuses, medium_goods, heavy_goods, buses, tractors, motorcycles, bicycles, pedestrians, is_market_day, created_at) VALUES (71, 2, DATE '2024-05-01' + INTERVAL '0 day', NULL, NULL, 160, 0, 0, 0, 0, 0, 0, 0, 0, 0, FALSE, DATE '2024-05-01' + INTERVAL '0 day' + INTERVAL '0 hour');
INSERT INTO traffic_count_record (count_id, traffic_survey_id, count_date, time_block_from, time_block_to, cars, light_goods, minibuses, medium_goods, heavy_goods, buses, tractors, motorcycles, bicycles, pedestrians, is_market_day, created_at) VALUES (72, 2, DATE '2024-05-01' + INTERVAL '0 day', NULL, NULL, 0, 90, 0, 0, 0, 0, 0, 0, 0, 0, FALSE, DATE '2024-05-01' + INTERVAL '0 day' + INTERVAL '0 hour');
INSERT INTO traffic_count_record (count_id, traffic_survey_id, count_date, time_block_from, time_block_to, cars, light_goods, minibuses, medium_goods, heavy_goods, buses, tractors, motorcycles, bicycles, pedestrians, is_market_day, created_at) VALUES (73, 2, DATE '2024-05-01' + INTERVAL '0 day', NULL, NULL, 0, 0, 60, 0, 0, 0, 0, 0, 0, 0, FALSE, DATE '2024-05-01' + INTERVAL '0 day' + INTERVAL '0 hour');
INSERT INTO traffic_count_record (count_id, traffic_survey_id, count_date, time_block_from, time_block_to, cars, light_goods, minibuses, medium_goods, heavy_goods, buses, tractors, motorcycles, bicycles, pedestrians, is_market_day, created_at) VALUES (74, 2, DATE '2024-05-01' + INTERVAL '0 day', NULL, NULL, 0, 0, 0, 25, 0, 0, 0, 0, 0, 0, FALSE, DATE '2024-05-01' + INTERVAL '0 day' + INTERVAL '0 hour');
INSERT INTO traffic_count_record (count_id, traffic_survey_id, count_date, time_block_from, time_block_to, cars, light_goods, minibuses, medium_goods, heavy_goods, buses, tractors, motorcycles, bicycles, pedestrians, is_market_day, created_at) VALUES (75, 2, DATE '2024-05-01' + INTERVAL '0 day', NULL, NULL, 0, 0, 0, 0, 10, 0, 0, 0, 0, 0, FALSE, DATE '2024-05-01' + INTERVAL '0 day' + INTERVAL '0 hour');
INSERT INTO traffic_count_record (count_id, traffic_survey_id, count_date, time_block_from, time_block_to, cars, light_goods, minibuses, medium_goods, heavy_goods, buses, tractors, motorcycles, bicycles, pedestrians, is_market_day, created_at) VALUES (76, 2, DATE '2024-05-01' + INTERVAL '0 day', NULL, NULL, 0, 0, 0, 0, 0, 15, 0, 0, 0, 0, FALSE, DATE '2024-05-01' + INTERVAL '0 day' + INTERVAL '0 hour');
INSERT INTO traffic_count_record (count_id, traffic_survey_id, count_date, time_block_from, time_block_to, cars, light_goods, minibuses, medium_goods, heavy_goods, buses, tractors, motorcycles, bicycles, pedestrians, is_market_day, created_at) VALUES (77, 2, DATE '2024-05-01' + INTERVAL '0 day', NULL, NULL, 0, 0, 0, 0, 0, 0, 6, 0, 0, 0, FALSE, DATE '2024-05-01' + INTERVAL '0 day' + INTERVAL '0 hour');
INSERT INTO traffic_count_record (count_id, traffic_survey_id, count_date, time_block_from, time_block_to, cars, light_goods, minibuses, medium_goods, heavy_goods, buses, tractors, motorcycles, bicycles, pedestrians, is_market_day, created_at) VALUES (78, 2, DATE '2024-05-01' + INTERVAL '0 day', NULL, NULL, 0, 0, 0, 0, 0, 0, 0, 90, 0, 0, FALSE, DATE '2024-05-01' + INTERVAL '0 day' + INTERVAL '0 hour');
INSERT INTO traffic_count_record (count_id, traffic_survey_id, count_date, time_block_from, time_block_to, cars, light_goods, minibuses, medium_goods, heavy_goods, buses, tractors, motorcycles, bicycles, pedestrians, is_market_day, created_at) VALUES (79, 2, DATE '2024-05-01' + INTERVAL '0 day', NULL, NULL, 0, 0, 0, 0, 0, 0, 0, 0, 40, 0, FALSE, DATE '2024-05-01' + INTERVAL '0 day' + INTERVAL '0 hour');
INSERT INTO traffic_count_record (count_id, traffic_survey_id, count_date, time_block_from, time_block_to, cars, light_goods, minibuses, medium_goods, heavy_goods, buses, tractors, motorcycles, bicycles, pedestrians, is_market_day, created_at) VALUES (80, 2, DATE '2024-05-01' + INTERVAL '0 day', NULL, NULL, 0, 0, 0, 0, 0, 0, 0, 0, 0, 200, FALSE, DATE '2024-05-01' + INTERVAL '0 day' + INTERVAL '0 hour');
INSERT INTO traffic_count_record (count_id, traffic_survey_id, count_date, time_block_from, time_block_to, cars, light_goods, minibuses, medium_goods, heavy_goods, buses, tractors, motorcycles, bicycles, pedestrians, is_market_day, created_at) VALUES (81, 2, DATE '2024-05-01' + INTERVAL '1 day', NULL, NULL, 168, 0, 0, 0, 0, 0, 0, 0, 0, 0, FALSE, DATE '2024-05-01' + INTERVAL '1 day' + INTERVAL '1 hour');
INSERT INTO traffic_count_record (count_id, traffic_survey_id, count_date, time_block_from, time_block_to, cars, light_goods, minibuses, medium_goods, heavy_goods, buses, tractors, motorcycles, bicycles, pedestrians, is_market_day, created_at) VALUES (82, 2, DATE '2024-05-01' + INTERVAL '1 day', NULL, NULL, 0, 95, 0, 0, 0, 0, 0, 0, 0, 0, FALSE, DATE '2024-05-01' + INTERVAL '1 day' + INTERVAL '1 hour');
INSERT INTO traffic_count_record (count_id, traffic_survey_id, count_date, time_block_from, time_block_to, cars, light_goods, minibuses, medium_goods, heavy_goods, buses, tractors, motorcycles, bicycles, pedestrians, is_market_day, created_at) VALUES (83, 2, DATE '2024-05-01' + INTERVAL '1 day', NULL, NULL, 0, 0, 63, 0, 0, 0, 0, 0, 0, 0, FALSE, DATE '2024-05-01' + INTERVAL '1 day' + INTERVAL '1 hour');
INSERT INTO traffic_count_record (count_id, traffic_survey_id, count_date, time_block_from, time_block_to, cars, light_goods, minibuses, medium_goods, heavy_goods, buses, tractors, motorcycles, bicycles, pedestrians, is_market_day, created_at) VALUES (84, 2, DATE '2024-05-01' + INTERVAL '1 day', NULL, NULL, 0, 0, 0, 26, 0, 0, 0, 0, 0, 0, FALSE, DATE '2024-05-01' + INTERVAL '1 day' + INTERVAL '1 hour');
INSERT INTO traffic_count_record (count_id, traffic_survey_id, count_date, time_block_from, time_block_to, cars, light_goods, minibuses, medium_goods, heavy_goods, buses, tractors, motorcycles, bicycles, pedestrians, is_market_day, created_at) VALUES (85, 2, DATE '2024-05-01' + INTERVAL '1 day', NULL, NULL, 0, 0, 0, 0, 11, 0, 0, 0, 0, 0, FALSE, DATE '2024-05-01' + INTERVAL '1 day' + INTERVAL '1 hour');
INSERT INTO traffic_count_record (count_id, traffic_survey_id, count_date, time_block_from, time_block_to, cars, light_goods, minibuses, medium_goods, heavy_goods, buses, tractors, motorcycles, bicycles, pedestrians, is_market_day, created_at) VALUES (86, 2, DATE '2024-05-01' + INTERVAL '1 day', NULL, NULL, 0, 0, 0, 0, 0, 16, 0, 0, 0, 0, FALSE, DATE '2024-05-01' + INTERVAL '1 day' + INTERVAL '1 hour');
INSERT INTO traffic_count_record (count_id, traffic_survey_id, count_date, time_block_from, time_block_to, cars, light_goods, minibuses, medium_goods, heavy_goods, buses, tractors, motorcycles, bicycles, pedestrians, is_market_day, created_at) VALUES (87, 2, DATE '2024-05-01' + INTERVAL '1 day', NULL, NULL, 0, 0, 0, 0, 0, 0, 6, 0, 0, 0, FALSE, DATE '2024-05-01' + INTERVAL '1 day' + INTERVAL '1 hour');
INSERT INTO traffic_count_record (count_id, traffic_survey_id, count_date, time_block_from, time_block_to, cars, light_goods, minibuses, medium_goods, heavy_goods, buses, tractors, motorcycles, bicycles, pedestrians, is_market_day, created_at) VALUES (88, 2, DATE '2024-05-01' + INTERVAL '1 day', NULL, NULL, 0, 0, 0, 0, 0, 0, 0, 95, 0, 0, FALSE, DATE '2024-05-01' + INTERVAL '1 day' + INTERVAL '1 hour');
INSERT INTO traffic_count_record (count_id, traffic_survey_id, count_date, time_block_from, time_block_to, cars, light_goods, minibuses, medium_goods, heavy_goods, buses, tractors, motorcycles, bicycles, pedestrians, is_market_day, created_at) VALUES (89, 2, DATE '2024-05-01' + INTERVAL '1 day', NULL, NULL, 0, 0, 0, 0, 0, 0, 0, 0, 42, 0, FALSE, DATE '2024-05-01' + INTERVAL '1 day' + INTERVAL '1 hour');
INSERT INTO traffic_count_record (count_id, traffic_survey_id, count_date, time_block_from, time_block_to, cars, light_goods, minibuses, medium_goods, heavy_goods, buses, tractors, motorcycles, bicycles, pedestrians, is_market_day, created_at) VALUES (90, 2, DATE '2024-05-01' + INTERVAL '1 day', NULL, NULL, 0, 0, 0, 0, 0, 0, 0, 0, 0, 210, FALSE, DATE '2024-05-01' + INTERVAL '1 day' + INTERVAL '1 hour');
INSERT INTO traffic_count_record (count_id, traffic_survey_id, count_date, time_block_from, time_block_to, cars, light_goods, minibuses, medium_goods, heavy_goods, buses, tractors, motorcycles, bicycles, pedestrians, is_market_day, created_at) VALUES (91, 2, DATE '2024-05-01' + INTERVAL '2 day', NULL, NULL, 152, 0, 0, 0, 0, 0, 0, 0, 0, 0, FALSE, DATE '2024-05-01' + INTERVAL '2 day' + INTERVAL '2 hour');
INSERT INTO traffic_count_record (count_id, traffic_survey_id, count_date, time_block_from, time_block_to, cars, light_goods, minibuses, medium_goods, heavy_goods, buses, tractors, motorcycles, bicycles, pedestrians, is_market_day, created_at) VALUES (92, 2, DATE '2024-05-01' + INTERVAL '2 day', NULL, NULL, 0, 86, 0, 0, 0, 0, 0, 0, 0, 0, FALSE, DATE '2024-05-01' + INTERVAL '2 day' + INTERVAL '2 hour');
INSERT INTO traffic_count_record (count_id, traffic_survey_id, count_date, time_block_from, time_block_to, cars, light_goods, minibuses, medium_goods, heavy_goods, buses, tractors, motorcycles, bicycles, pedestrians, is_market_day, created_at) VALUES (93, 2, DATE '2024-05-01' + INTERVAL '2 day', NULL, NULL, 0, 0, 57, 0, 0, 0, 0, 0, 0, 0, FALSE, DATE '2024-05-01' + INTERVAL '2 day' + INTERVAL '2 hour');
INSERT INTO traffic_count_record (count_id, traffic_survey_id, count_date, time_block_from, time_block_to, cars, light_goods, minibuses, medium_goods, heavy_goods, buses, tractors, motorcycles, bicycles, pedestrians, is_market_day, created_at) VALUES (94, 2, DATE '2024-05-01' + INTERVAL '2 day', NULL, NULL, 0, 0, 0, 24, 0, 0, 0, 0, 0, 0, FALSE, DATE '2024-05-01' + INTERVAL '2 day' + INTERVAL '2 hour');
INSERT INTO traffic_count_record (count_id, traffic_survey_id, count_date, time_block_from, time_block_to, cars, light_goods, minibuses, medium_goods, heavy_goods, buses, tractors, motorcycles, bicycles, pedestrians, is_market_day, created_at) VALUES (95, 2, DATE '2024-05-01' + INTERVAL '2 day', NULL, NULL, 0, 0, 0, 0, 10, 0, 0, 0, 0, 0, FALSE, DATE '2024-05-01' + INTERVAL '2 day' + INTERVAL '2 hour');
INSERT INTO traffic_count_record (count_id, traffic_survey_id, count_date, time_block_from, time_block_to, cars, light_goods, minibuses, medium_goods, heavy_goods, buses, tractors, motorcycles, bicycles, pedestrians, is_market_day, created_at) VALUES (96, 2, DATE '2024-05-01' + INTERVAL '2 day', NULL, NULL, 0, 0, 0, 0, 0, 14, 0, 0, 0, 0, FALSE, DATE '2024-05-01' + INTERVAL '2 day' + INTERVAL '2 hour');
INSERT INTO traffic_count_record (count_id, traffic_survey_id, count_date, time_block_from, time_block_to, cars, light_goods, minibuses, medium_goods, heavy_goods, buses, tractors, motorcycles, bicycles, pedestrians, is_market_day, created_at) VALUES (97, 2, DATE '2024-05-01' + INTERVAL '2 day', NULL, NULL, 0, 0, 0, 0, 0, 0, 6, 0, 0, 0, FALSE, DATE '2024-05-01' + INTERVAL '2 day' + INTERVAL '2 hour');
INSERT INTO traffic_count_record (count_id, traffic_survey_id, count_date, time_block_from, time_block_to, cars, light_goods, minibuses, medium_goods, heavy_goods, buses, tractors, motorcycles, bicycles, pedestrians, is_market_day, created_at) VALUES (98, 2, DATE '2024-05-01' + INTERVAL '2 day', NULL, NULL, 0, 0, 0, 0, 0, 0, 0, 86, 0, 0, FALSE, DATE '2024-05-01' + INTERVAL '2 day' + INTERVAL '2 hour');
INSERT INTO traffic_count_record (count_id, traffic_survey_id, count_date, time_block_from, time_block_to, cars, light_goods, minibuses, medium_goods, heavy_goods, buses, tractors, motorcycles, bicycles, pedestrians, is_market_day, created_at) VALUES (99, 2, DATE '2024-05-01' + INTERVAL '2 day', NULL, NULL, 0, 0, 0, 0, 0, 0, 0, 0, 38, 0, FALSE, DATE '2024-05-01' + INTERVAL '2 day' + INTERVAL '2 hour');
INSERT INTO traffic_count_record (count_id, traffic_survey_id, count_date, time_block_from, time_block_to, cars, light_goods, minibuses, medium_goods, heavy_goods, buses, tractors, motorcycles, bicycles, pedestrians, is_market_day, created_at) VALUES (100, 2, DATE '2024-05-01' + INTERVAL '2 day', NULL, NULL, 0, 0, 0, 0, 0, 0, 0, 0, 0, 190, FALSE, DATE '2024-05-01' + INTERVAL '2 day' + INTERVAL '2 hour');
INSERT INTO traffic_count_record (count_id, traffic_survey_id, count_date, time_block_from, time_block_to, cars, light_goods, minibuses, medium_goods, heavy_goods, buses, tractors, motorcycles, bicycles, pedestrians, is_market_day, created_at) VALUES (101, 2, DATE '2024-05-01' + INTERVAL '3 day', NULL, NULL, 216, 0, 0, 0, 0, 0, 0, 0, 0, 0, TRUE, DATE '2024-05-01' + INTERVAL '3 day' + INTERVAL '3 hour');
INSERT INTO traffic_count_record (count_id, traffic_survey_id, count_date, time_block_from, time_block_to, cars, light_goods, minibuses, medium_goods, heavy_goods, buses, tractors, motorcycles, bicycles, pedestrians, is_market_day, created_at) VALUES (102, 2, DATE '2024-05-01' + INTERVAL '3 day', NULL, NULL, 0, 122, 0, 0, 0, 0, 0, 0, 0, 0, TRUE, DATE '2024-05-01' + INTERVAL '3 day' + INTERVAL '3 hour');
INSERT INTO traffic_count_record (count_id, traffic_survey_id, count_date, time_block_from, time_block_to, cars, light_goods, minibuses, medium_goods, heavy_goods, buses, tractors, motorcycles, bicycles, pedestrians, is_market_day, created_at) VALUES (103, 2, DATE '2024-05-01' + INTERVAL '3 day', NULL, NULL, 0, 0, 81, 0, 0, 0, 0, 0, 0, 0, TRUE, DATE '2024-05-01' + INTERVAL '3 day' + INTERVAL '3 hour');
INSERT INTO traffic_count_record (count_id, traffic_survey_id, count_date, time_block_from, time_block_to, cars, light_goods, minibuses, medium_goods, heavy_goods, buses, tractors, motorcycles, bicycles, pedestrians, is_market_day, created_at) VALUES (104, 2, DATE '2024-05-01' + INTERVAL '3 day', NULL, NULL, 0, 0, 0, 34, 0, 0, 0, 0, 0, 0, TRUE, DATE '2024-05-01' + INTERVAL '3 day' + INTERVAL '3 hour');
INSERT INTO traffic_count_record (count_id, traffic_survey_id, count_date, time_block_from, time_block_to, cars, light_goods, minibuses, medium_goods, heavy_goods, buses, tractors, motorcycles, bicycles, pedestrians, is_market_day, created_at) VALUES (105, 2, DATE '2024-05-01' + INTERVAL '3 day', NULL, NULL, 0, 0, 0, 0, 14, 0, 0, 0, 0, 0, TRUE, DATE '2024-05-01' + INTERVAL '3 day' + INTERVAL '3 hour');
INSERT INTO traffic_count_record (count_id, traffic_survey_id, count_date, time_block_from, time_block_to, cars, light_goods, minibuses, medium_goods, heavy_goods, buses, tractors, motorcycles, bicycles, pedestrians, is_market_day, created_at) VALUES (106, 2, DATE '2024-05-01' + INTERVAL '3 day', NULL, NULL, 0, 0, 0, 0, 0, 20, 0, 0, 0, 0, TRUE, DATE '2024-05-01' + INTERVAL '3 day' + INTERVAL '3 hour');
INSERT INTO traffic_count_record (count_id, traffic_survey_id, count_date, time_block_from, time_block_to, cars, light_goods, minibuses, medium_goods, heavy_goods, buses, tractors, motorcycles, bicycles, pedestrians, is_market_day, created_at) VALUES (107, 2, DATE '2024-05-01' + INTERVAL '3 day', NULL, NULL, 0, 0, 0, 0, 0, 0, 8, 0, 0, 0, TRUE, DATE '2024-05-01' + INTERVAL '3 day' + INTERVAL '3 hour');
INSERT INTO traffic_count_record (count_id, traffic_survey_id, count_date, time_block_from, time_block_to, cars, light_goods, minibuses, medium_goods, heavy_goods, buses, tractors, motorcycles, bicycles, pedestrians, is_market_day, created_at) VALUES (108, 2, DATE '2024-05-01' + INTERVAL '3 day', NULL, NULL, 0, 0, 0, 0, 0, 0, 0, 122, 0, 0, TRUE, DATE '2024-05-01' + INTERVAL '3 day' + INTERVAL '3 hour');
INSERT INTO traffic_count_record (count_id, traffic_survey_id, count_date, time_block_from, time_block_to, cars, light_goods, minibuses, medium_goods, heavy_goods, buses, tractors, motorcycles, bicycles, pedestrians, is_market_day, created_at) VALUES (109, 2, DATE '2024-05-01' + INTERVAL '3 day', NULL, NULL, 0, 0, 0, 0, 0, 0, 0, 0, 54, 0, TRUE, DATE '2024-05-01' + INTERVAL '3 day' + INTERVAL '3 hour');
INSERT INTO traffic_count_record (count_id, traffic_survey_id, count_date, time_block_from, time_block_to, cars, light_goods, minibuses, medium_goods, heavy_goods, buses, tractors, motorcycles, bicycles, pedestrians, is_market_day, created_at) VALUES (110, 2, DATE '2024-05-01' + INTERVAL '3 day', NULL, NULL, 0, 0, 0, 0, 0, 0, 0, 0, 0, 270, TRUE, DATE '2024-05-01' + INTERVAL '3 day' + INTERVAL '3 hour');
INSERT INTO traffic_count_record (count_id, traffic_survey_id, count_date, time_block_from, time_block_to, cars, light_goods, minibuses, medium_goods, heavy_goods, buses, tractors, motorcycles, bicycles, pedestrians, is_market_day, created_at) VALUES (111, 2, DATE '2024-05-01' + INTERVAL '4 day', NULL, NULL, 176, 0, 0, 0, 0, 0, 0, 0, 0, 0, FALSE, DATE '2024-05-01' + INTERVAL '4 day' + INTERVAL '4 hour');
INSERT INTO traffic_count_record (count_id, traffic_survey_id, count_date, time_block_from, time_block_to, cars, light_goods, minibuses, medium_goods, heavy_goods, buses, tractors, motorcycles, bicycles, pedestrians, is_market_day, created_at) VALUES (112, 2, DATE '2024-05-01' + INTERVAL '4 day', NULL, NULL, 0, 99, 0, 0, 0, 0, 0, 0, 0, 0, FALSE, DATE '2024-05-01' + INTERVAL '4 day' + INTERVAL '4 hour');
INSERT INTO traffic_count_record (count_id, traffic_survey_id, count_date, time_block_from, time_block_to, cars, light_goods, minibuses, medium_goods, heavy_goods, buses, tractors, motorcycles, bicycles, pedestrians, is_market_day, created_at) VALUES (113, 2, DATE '2024-05-01' + INTERVAL '4 day', NULL, NULL, 0, 0, 66, 0, 0, 0, 0, 0, 0, 0, FALSE, DATE '2024-05-01' + INTERVAL '4 day' + INTERVAL '4 hour');
INSERT INTO traffic_count_record (count_id, traffic_survey_id, count_date, time_block_from, time_block_to, cars, light_goods, minibuses, medium_goods, heavy_goods, buses, tractors, motorcycles, bicycles, pedestrians, is_market_day, created_at) VALUES (114, 2, DATE '2024-05-01' + INTERVAL '4 day', NULL, NULL, 0, 0, 0, 28, 0, 0, 0, 0, 0, 0, FALSE, DATE '2024-05-01' + INTERVAL '4 day' + INTERVAL '4 hour');
INSERT INTO traffic_count_record (count_id, traffic_survey_id, count_date, time_block_from, time_block_to, cars, light_goods, minibuses, medium_goods, heavy_goods, buses, tractors, motorcycles, bicycles, pedestrians, is_market_day, created_at) VALUES (115, 2, DATE '2024-05-01' + INTERVAL '4 day', NULL, NULL, 0, 0, 0, 0, 11, 0, 0, 0, 0, 0, FALSE, DATE '2024-05-01' + INTERVAL '4 day' + INTERVAL '4 hour');
INSERT INTO traffic_count_record (count_id, traffic_survey_id, count_date, time_block_from, time_block_to, cars, light_goods, minibuses, medium_goods, heavy_goods, buses, tractors, motorcycles, bicycles, pedestrians, is_market_day, created_at) VALUES (116, 2, DATE '2024-05-01' + INTERVAL '4 day', NULL, NULL, 0, 0, 0, 0, 0, 17, 0, 0, 0, 0, FALSE, DATE '2024-05-01' + INTERVAL '4 day' + INTERVAL '4 hour');
INSERT INTO traffic_count_record (count_id, traffic_survey_id, count_date, time_block_from, time_block_to, cars, light_goods, minibuses, medium_goods, heavy_goods, buses, tractors, motorcycles, bicycles, pedestrians, is_market_day, created_at) VALUES (117, 2, DATE '2024-05-01' + INTERVAL '4 day', NULL, NULL, 0, 0, 0, 0, 0, 0, 7, 0, 0, 0, FALSE, DATE '2024-05-01' + INTERVAL '4 day' + INTERVAL '4 hour');
INSERT INTO traffic_count_record (count_id, traffic_survey_id, count_date, time_block_from, time_block_to, cars, light_goods, minibuses, medium_goods, heavy_goods, buses, tractors, motorcycles, bicycles, pedestrians, is_market_day, created_at) VALUES (118, 2, DATE '2024-05-01' + INTERVAL '4 day', NULL, NULL, 0, 0, 0, 0, 0, 0, 0, 99, 0, 0, FALSE, DATE '2024-05-01' + INTERVAL '4 day' + INTERVAL '4 hour');
INSERT INTO traffic_count_record (count_id, traffic_survey_id, count_date, time_block_from, time_block_to, cars, light_goods, minibuses, medium_goods, heavy_goods, buses, tractors, motorcycles, bicycles, pedestrians, is_market_day, created_at) VALUES (119, 2, DATE '2024-05-01' + INTERVAL '4 day', NULL, NULL, 0, 0, 0, 0, 0, 0, 0, 0, 44, 0, FALSE, DATE '2024-05-01' + INTERVAL '4 day' + INTERVAL '4 hour');
INSERT INTO traffic_count_record (count_id, traffic_survey_id, count_date, time_block_from, time_block_to, cars, light_goods, minibuses, medium_goods, heavy_goods, buses, tractors, motorcycles, bicycles, pedestrians, is_market_day, created_at) VALUES (120, 2, DATE '2024-05-01' + INTERVAL '4 day', NULL, NULL, 0, 0, 0, 0, 0, 0, 0, 0, 0, 220, FALSE, DATE '2024-05-01' + INTERVAL '4 day' + INTERVAL '4 hour');
INSERT INTO traffic_count_record (count_id, traffic_survey_id, count_date, time_block_from, time_block_to, cars, light_goods, minibuses, medium_goods, heavy_goods, buses, tractors, motorcycles, bicycles, pedestrians, is_market_day, created_at) VALUES (121, 2, DATE '2024-05-01' + INTERVAL '5 day', NULL, NULL, 96, 0, 0, 0, 0, 0, 0, 0, 0, 0, FALSE, DATE '2024-05-01' + INTERVAL '5 day' + INTERVAL '5 hour');
INSERT INTO traffic_count_record (count_id, traffic_survey_id, count_date, time_block_from, time_block_to, cars, light_goods, minibuses, medium_goods, heavy_goods, buses, tractors, motorcycles, bicycles, pedestrians, is_market_day, created_at) VALUES (122, 2, DATE '2024-05-01' + INTERVAL '5 day', NULL, NULL, 0, 54, 0, 0, 0, 0, 0, 0, 0, 0, FALSE, DATE '2024-05-01' + INTERVAL '5 day' + INTERVAL '5 hour');
INSERT INTO traffic_count_record (count_id, traffic_survey_id, count_date, time_block_from, time_block_to, cars, light_goods, minibuses, medium_goods, heavy_goods, buses, tractors, motorcycles, bicycles, pedestrians, is_market_day, created_at) VALUES (123, 2, DATE '2024-05-01' + INTERVAL '5 day', NULL, NULL, 0, 0, 36, 0, 0, 0, 0, 0, 0, 0, FALSE, DATE '2024-05-01' + INTERVAL '5 day' + INTERVAL '5 hour');
INSERT INTO traffic_count_record (count_id, traffic_survey_id, count_date, time_block_from, time_block_to, cars, light_goods, minibuses, medium_goods, heavy_goods, buses, tractors, motorcycles, bicycles, pedestrians, is_market_day, created_at) VALUES (124, 2, DATE '2024-05-01' + INTERVAL '5 day', NULL, NULL, 0, 0, 0, 15, 0, 0, 0, 0, 0, 0, FALSE, DATE '2024-05-01' + INTERVAL '5 day' + INTERVAL '5 hour');
INSERT INTO traffic_count_record (count_id, traffic_survey_id, count_date, time_block_from, time_block_to, cars, light_goods, minibuses, medium_goods, heavy_goods, buses, tractors, motorcycles, bicycles, pedestrians, is_market_day, created_at) VALUES (125, 2, DATE '2024-05-01' + INTERVAL '5 day', NULL, NULL, 0, 0, 0, 0, 6, 0, 0, 0, 0, 0, FALSE, DATE '2024-05-01' + INTERVAL '5 day' + INTERVAL '5 hour');
INSERT INTO traffic_count_record (count_id, traffic_survey_id, count_date, time_block_from, time_block_to, cars, light_goods, minibuses, medium_goods, heavy_goods, buses, tractors, motorcycles, bicycles, pedestrians, is_market_day, created_at) VALUES (126, 2, DATE '2024-05-01' + INTERVAL '5 day', NULL, NULL, 0, 0, 0, 0, 0, 9, 0, 0, 0, 0, FALSE, DATE '2024-05-01' + INTERVAL '5 day' + INTERVAL '5 hour');
INSERT INTO traffic_count_record (count_id, traffic_survey_id, count_date, time_block_from, time_block_to, cars, light_goods, minibuses, medium_goods, heavy_goods, buses, tractors, motorcycles, bicycles, pedestrians, is_market_day, created_at) VALUES (127, 2, DATE '2024-05-01' + INTERVAL '5 day', NULL, NULL, 0, 0, 0, 0, 0, 0, 4, 0, 0, 0, FALSE, DATE '2024-05-01' + INTERVAL '5 day' + INTERVAL '5 hour');
INSERT INTO traffic_count_record (count_id, traffic_survey_id, count_date, time_block_from, time_block_to, cars, light_goods, minibuses, medium_goods, heavy_goods, buses, tractors, motorcycles, bicycles, pedestrians, is_market_day, created_at) VALUES (128, 2, DATE '2024-05-01' + INTERVAL '5 day', NULL, NULL, 0, 0, 0, 0, 0, 0, 0, 54, 0, 0, FALSE, DATE '2024-05-01' + INTERVAL '5 day' + INTERVAL '5 hour');
INSERT INTO traffic_count_record (count_id, traffic_survey_id, count_date, time_block_from, time_block_to, cars, light_goods, minibuses, medium_goods, heavy_goods, buses, tractors, motorcycles, bicycles, pedestrians, is_market_day, created_at) VALUES (129, 2, DATE '2024-05-01' + INTERVAL '5 day', NULL, NULL, 0, 0, 0, 0, 0, 0, 0, 0, 24, 0, FALSE, DATE '2024-05-01' + INTERVAL '5 day' + INTERVAL '5 hour');
INSERT INTO traffic_count_record (count_id, traffic_survey_id, count_date, time_block_from, time_block_to, cars, light_goods, minibuses, medium_goods, heavy_goods, buses, tractors, motorcycles, bicycles, pedestrians, is_market_day, created_at) VALUES (130, 2, DATE '2024-05-01' + INTERVAL '5 day', NULL, NULL, 0, 0, 0, 0, 0, 0, 0, 0, 0, 120, FALSE, DATE '2024-05-01' + INTERVAL '5 day' + INTERVAL '5 hour');
INSERT INTO traffic_count_record (count_id, traffic_survey_id, count_date, time_block_from, time_block_to, cars, light_goods, minibuses, medium_goods, heavy_goods, buses, tractors, motorcycles, bicycles, pedestrians, is_market_day, created_at) VALUES (131, 2, DATE '2024-05-01' + INTERVAL '6 day', NULL, NULL, 144, 0, 0, 0, 0, 0, 0, 0, 0, 0, FALSE, DATE '2024-05-01' + INTERVAL '6 day' + INTERVAL '6 hour');
INSERT INTO traffic_count_record (count_id, traffic_survey_id, count_date, time_block_from, time_block_to, cars, light_goods, minibuses, medium_goods, heavy_goods, buses, tractors, motorcycles, bicycles, pedestrians, is_market_day, created_at) VALUES (132, 2, DATE '2024-05-01' + INTERVAL '6 day', NULL, NULL, 0, 81, 0, 0, 0, 0, 0, 0, 0, 0, FALSE, DATE '2024-05-01' + INTERVAL '6 day' + INTERVAL '6 hour');
INSERT INTO traffic_count_record (count_id, traffic_survey_id, count_date, time_block_from, time_block_to, cars, light_goods, minibuses, medium_goods, heavy_goods, buses, tractors, motorcycles, bicycles, pedestrians, is_market_day, created_at) VALUES (133, 2, DATE '2024-05-01' + INTERVAL '6 day', NULL, NULL, 0, 0, 54, 0, 0, 0, 0, 0, 0, 0, FALSE, DATE '2024-05-01' + INTERVAL '6 day' + INTERVAL '6 hour');
INSERT INTO traffic_count_record (count_id, traffic_survey_id, count_date, time_block_from, time_block_to, cars, light_goods, minibuses, medium_goods, heavy_goods, buses, tractors, motorcycles, bicycles, pedestrians, is_market_day, created_at) VALUES (134, 2, DATE '2024-05-01' + INTERVAL '6 day', NULL, NULL, 0, 0, 0, 23, 0, 0, 0, 0, 0, 0, FALSE, DATE '2024-05-01' + INTERVAL '6 day' + INTERVAL '6 hour');
INSERT INTO traffic_count_record (count_id, traffic_survey_id, count_date, time_block_from, time_block_to, cars, light_goods, minibuses, medium_goods, heavy_goods, buses, tractors, motorcycles, bicycles, pedestrians, is_market_day, created_at) VALUES (135, 2, DATE '2024-05-01' + INTERVAL '6 day', NULL, NULL, 0, 0, 0, 0, 9, 0, 0, 0, 0, 0, FALSE, DATE '2024-05-01' + INTERVAL '6 day' + INTERVAL '6 hour');
INSERT INTO traffic_count_record (count_id, traffic_survey_id, count_date, time_block_from, time_block_to, cars, light_goods, minibuses, medium_goods, heavy_goods, buses, tractors, motorcycles, bicycles, pedestrians, is_market_day, created_at) VALUES (136, 2, DATE '2024-05-01' + INTERVAL '6 day', NULL, NULL, 0, 0, 0, 0, 0, 14, 0, 0, 0, 0, FALSE, DATE '2024-05-01' + INTERVAL '6 day' + INTERVAL '6 hour');
INSERT INTO traffic_count_record (count_id, traffic_survey_id, count_date, time_block_from, time_block_to, cars, light_goods, minibuses, medium_goods, heavy_goods, buses, tractors, motorcycles, bicycles, pedestrians, is_market_day, created_at) VALUES (137, 2, DATE '2024-05-01' + INTERVAL '6 day', NULL, NULL, 0, 0, 0, 0, 0, 0, 5, 0, 0, 0, FALSE, DATE '2024-05-01' + INTERVAL '6 day' + INTERVAL '6 hour');
INSERT INTO traffic_count_record (count_id, traffic_survey_id, count_date, time_block_from, time_block_to, cars, light_goods, minibuses, medium_goods, heavy_goods, buses, tractors, motorcycles, bicycles, pedestrians, is_market_day, created_at) VALUES (138, 2, DATE '2024-05-01' + INTERVAL '6 day', NULL, NULL, 0, 0, 0, 0, 0, 0, 0, 81, 0, 0, FALSE, DATE '2024-05-01' + INTERVAL '6 day' + INTERVAL '6 hour');
INSERT INTO traffic_count_record (count_id, traffic_survey_id, count_date, time_block_from, time_block_to, cars, light_goods, minibuses, medium_goods, heavy_goods, buses, tractors, motorcycles, bicycles, pedestrians, is_market_day, created_at) VALUES (139, 2, DATE '2024-05-01' + INTERVAL '6 day', NULL, NULL, 0, 0, 0, 0, 0, 0, 0, 0, 36, 0, FALSE, DATE '2024-05-01' + INTERVAL '6 day' + INTERVAL '6 hour');
INSERT INTO traffic_count_record (count_id, traffic_survey_id, count_date, time_block_from, time_block_to, cars, light_goods, minibuses, medium_goods, heavy_goods, buses, tractors, motorcycles, bicycles, pedestrians, is_market_day, created_at) VALUES (140, 2, DATE '2024-05-01' + INTERVAL '6 day', NULL, NULL, 0, 0, 0, 0, 0, 0, 0, 0, 0, 180, FALSE, DATE '2024-05-01' + INTERVAL '6 day' + INTERVAL '6 hour');
INSERT INTO traffic_survey (survey_id, road_id, station_location, survey_year, cycle_number, count_start_date, count_end_date, count_days_per_cycle, count_hours_per_day, night_adjustment_factor, override_night_factor, method, observer, weather_notes, qa_status, created_at) VALUES (3, 1, ST_SetSRID(ST_MakePoint(39.47, 13.49), 4326), 2024, 3, '2024-09-01', DATE '2024-09-01' + INTERVAL '6 days', 7, 12, 1.33, FALSE, 'MOC', 'ERA Test Team', '', 'Draft', TIMESTAMP '2024-09-01');
INSERT INTO traffic_count_record (count_id, traffic_survey_id, count_date, time_block_from, time_block_to, cars, light_goods, minibuses, medium_goods, heavy_goods, buses, tractors, motorcycles, bicycles, pedestrians, is_market_day, created_at) VALUES (141, 3, DATE '2024-09-01' + INTERVAL '0 day', NULL, NULL, 100, 0, 0, 0, 0, 0, 0, 0, 0, 0, FALSE, DATE '2024-09-01' + INTERVAL '0 day' + INTERVAL '0 hour');
INSERT INTO traffic_count_record (count_id, traffic_survey_id, count_date, time_block_from, time_block_to, cars, light_goods, minibuses, medium_goods, heavy_goods, buses, tractors, motorcycles, bicycles, pedestrians, is_market_day, created_at) VALUES (142, 3, DATE '2024-09-01' + INTERVAL '0 day', NULL, NULL, 0, 50, 0, 0, 0, 0, 0, 0, 0, 0, FALSE, DATE '2024-09-01' + INTERVAL '0 day' + INTERVAL '0 hour');
INSERT INTO traffic_count_record (count_id, traffic_survey_id, count_date, time_block_from, time_block_to, cars, light_goods, minibuses, medium_goods, heavy_goods, buses, tractors, motorcycles, bicycles, pedestrians, is_market_day, created_at) VALUES (143, 3, DATE '2024-09-01' + INTERVAL '0 day', NULL, NULL, 0, 0, 30, 0, 0, 0, 0, 0, 0, 0, FALSE, DATE '2024-09-01' + INTERVAL '0 day' + INTERVAL '0 hour');
INSERT INTO traffic_count_record (count_id, traffic_survey_id, count_date, time_block_from, time_block_to, cars, light_goods, minibuses, medium_goods, heavy_goods, buses, tractors, motorcycles, bicycles, pedestrians, is_market_day, created_at) VALUES (144, 3, DATE '2024-09-01' + INTERVAL '0 day', NULL, NULL, 0, 0, 0, 15, 0, 0, 0, 0, 0, 0, FALSE, DATE '2024-09-01' + INTERVAL '0 day' + INTERVAL '0 hour');
INSERT INTO traffic_count_record (count_id, traffic_survey_id, count_date, time_block_from, time_block_to, cars, light_goods, minibuses, medium_goods, heavy_goods, buses, tractors, motorcycles, bicycles, pedestrians, is_market_day, created_at) VALUES (145, 3, DATE '2024-09-01' + INTERVAL '0 day', NULL, NULL, 0, 0, 0, 0, 5, 0, 0, 0, 0, 0, FALSE, DATE '2024-09-01' + INTERVAL '0 day' + INTERVAL '0 hour');
INSERT INTO traffic_count_record (count_id, traffic_survey_id, count_date, time_block_from, time_block_to, cars, light_goods, minibuses, medium_goods, heavy_goods, buses, tractors, motorcycles, bicycles, pedestrians, is_market_day, created_at) VALUES (146, 3, DATE '2024-09-01' + INTERVAL '0 day', NULL, NULL, 0, 0, 0, 0, 0, 8, 0, 0, 0, 0, FALSE, DATE '2024-09-01' + INTERVAL '0 day' + INTERVAL '0 hour');
INSERT INTO traffic_count_record (count_id, traffic_survey_id, count_date, time_block_from, time_block_to, cars, light_goods, minibuses, medium_goods, heavy_goods, buses, tractors, motorcycles, bicycles, pedestrians, is_market_day, created_at) VALUES (147, 3, DATE '2024-09-01' + INTERVAL '0 day', NULL, NULL, 0, 0, 0, 0, 0, 0, 4, 0, 0, 0, FALSE, DATE '2024-09-01' + INTERVAL '0 day' + INTERVAL '0 hour');
INSERT INTO traffic_count_record (count_id, traffic_survey_id, count_date, time_block_from, time_block_to, cars, light_goods, minibuses, medium_goods, heavy_goods, buses, tractors, motorcycles, bicycles, pedestrians, is_market_day, created_at) VALUES (148, 3, DATE '2024-09-01' + INTERVAL '0 day', NULL, NULL, 0, 0, 0, 0, 0, 0, 0, 60, 0, 0, FALSE, DATE '2024-09-01' + INTERVAL '0 day' + INTERVAL '0 hour');
INSERT INTO traffic_count_record (count_id, traffic_survey_id, count_date, time_block_from, time_block_to, cars, light_goods, minibuses, medium_goods, heavy_goods, buses, tractors, motorcycles, bicycles, pedestrians, is_market_day, created_at) VALUES (149, 3, DATE '2024-09-01' + INTERVAL '0 day', NULL, NULL, 0, 0, 0, 0, 0, 0, 0, 0, 25, 0, FALSE, DATE '2024-09-01' + INTERVAL '0 day' + INTERVAL '0 hour');
INSERT INTO traffic_count_record (count_id, traffic_survey_id, count_date, time_block_from, time_block_to, cars, light_goods, minibuses, medium_goods, heavy_goods, buses, tractors, motorcycles, bicycles, pedestrians, is_market_day, created_at) VALUES (150, 3, DATE '2024-09-01' + INTERVAL '0 day', NULL, NULL, 0, 0, 0, 0, 0, 0, 0, 0, 0, 120, FALSE, DATE '2024-09-01' + INTERVAL '0 day' + INTERVAL '0 hour');
INSERT INTO traffic_count_record (count_id, traffic_survey_id, count_date, time_block_from, time_block_to, cars, light_goods, minibuses, medium_goods, heavy_goods, buses, tractors, motorcycles, bicycles, pedestrians, is_market_day, created_at) VALUES (151, 3, DATE '2024-09-01' + INTERVAL '1 day', NULL, NULL, 105, 0, 0, 0, 0, 0, 0, 0, 0, 0, FALSE, DATE '2024-09-01' + INTERVAL '1 day' + INTERVAL '1 hour');
INSERT INTO traffic_count_record (count_id, traffic_survey_id, count_date, time_block_from, time_block_to, cars, light_goods, minibuses, medium_goods, heavy_goods, buses, tractors, motorcycles, bicycles, pedestrians, is_market_day, created_at) VALUES (152, 3, DATE '2024-09-01' + INTERVAL '1 day', NULL, NULL, 0, 53, 0, 0, 0, 0, 0, 0, 0, 0, FALSE, DATE '2024-09-01' + INTERVAL '1 day' + INTERVAL '1 hour');
INSERT INTO traffic_count_record (count_id, traffic_survey_id, count_date, time_block_from, time_block_to, cars, light_goods, minibuses, medium_goods, heavy_goods, buses, tractors, motorcycles, bicycles, pedestrians, is_market_day, created_at) VALUES (153, 3, DATE '2024-09-01' + INTERVAL '1 day', NULL, NULL, 0, 0, 32, 0, 0, 0, 0, 0, 0, 0, FALSE, DATE '2024-09-01' + INTERVAL '1 day' + INTERVAL '1 hour');
INSERT INTO traffic_count_record (count_id, traffic_survey_id, count_date, time_block_from, time_block_to, cars, light_goods, minibuses, medium_goods, heavy_goods, buses, tractors, motorcycles, bicycles, pedestrians, is_market_day, created_at) VALUES (154, 3, DATE '2024-09-01' + INTERVAL '1 day', NULL, NULL, 0, 0, 0, 16, 0, 0, 0, 0, 0, 0, FALSE, DATE '2024-09-01' + INTERVAL '1 day' + INTERVAL '1 hour');
INSERT INTO traffic_count_record (count_id, traffic_survey_id, count_date, time_block_from, time_block_to, cars, light_goods, minibuses, medium_goods, heavy_goods, buses, tractors, motorcycles, bicycles, pedestrians, is_market_day, created_at) VALUES (155, 3, DATE '2024-09-01' + INTERVAL '1 day', NULL, NULL, 0, 0, 0, 0, 5, 0, 0, 0, 0, 0, FALSE, DATE '2024-09-01' + INTERVAL '1 day' + INTERVAL '1 hour');
INSERT INTO traffic_count_record (count_id, traffic_survey_id, count_date, time_block_from, time_block_to, cars, light_goods, minibuses, medium_goods, heavy_goods, buses, tractors, motorcycles, bicycles, pedestrians, is_market_day, created_at) VALUES (156, 3, DATE '2024-09-01' + INTERVAL '1 day', NULL, NULL, 0, 0, 0, 0, 0, 8, 0, 0, 0, 0, FALSE, DATE '2024-09-01' + INTERVAL '1 day' + INTERVAL '1 hour');
INSERT INTO traffic_count_record (count_id, traffic_survey_id, count_date, time_block_from, time_block_to, cars, light_goods, minibuses, medium_goods, heavy_goods, buses, tractors, motorcycles, bicycles, pedestrians, is_market_day, created_at) VALUES (157, 3, DATE '2024-09-01' + INTERVAL '1 day', NULL, NULL, 0, 0, 0, 0, 0, 0, 4, 0, 0, 0, FALSE, DATE '2024-09-01' + INTERVAL '1 day' + INTERVAL '1 hour');
INSERT INTO traffic_count_record (count_id, traffic_survey_id, count_date, time_block_from, time_block_to, cars, light_goods, minibuses, medium_goods, heavy_goods, buses, tractors, motorcycles, bicycles, pedestrians, is_market_day, created_at) VALUES (158, 3, DATE '2024-09-01' + INTERVAL '1 day', NULL, NULL, 0, 0, 0, 0, 0, 0, 0, 63, 0, 0, FALSE, DATE '2024-09-01' + INTERVAL '1 day' + INTERVAL '1 hour');
INSERT INTO traffic_count_record (count_id, traffic_survey_id, count_date, time_block_from, time_block_to, cars, light_goods, minibuses, medium_goods, heavy_goods, buses, tractors, motorcycles, bicycles, pedestrians, is_market_day, created_at) VALUES (159, 3, DATE '2024-09-01' + INTERVAL '1 day', NULL, NULL, 0, 0, 0, 0, 0, 0, 0, 0, 26, 0, FALSE, DATE '2024-09-01' + INTERVAL '1 day' + INTERVAL '1 hour');
INSERT INTO traffic_count_record (count_id, traffic_survey_id, count_date, time_block_from, time_block_to, cars, light_goods, minibuses, medium_goods, heavy_goods, buses, tractors, motorcycles, bicycles, pedestrians, is_market_day, created_at) VALUES (160, 3, DATE '2024-09-01' + INTERVAL '1 day', NULL, NULL, 0, 0, 0, 0, 0, 0, 0, 0, 0, 126, FALSE, DATE '2024-09-01' + INTERVAL '1 day' + INTERVAL '1 hour');
INSERT INTO traffic_count_record (count_id, traffic_survey_id, count_date, time_block_from, time_block_to, cars, light_goods, minibuses, medium_goods, heavy_goods, buses, tractors, motorcycles, bicycles, pedestrians, is_market_day, created_at) VALUES (161, 3, DATE '2024-09-01' + INTERVAL '2 day', NULL, NULL, 95, 0, 0, 0, 0, 0, 0, 0, 0, 0, FALSE, DATE '2024-09-01' + INTERVAL '2 day' + INTERVAL '2 hour');
INSERT INTO traffic_count_record (count_id, traffic_survey_id, count_date, time_block_from, time_block_to, cars, light_goods, minibuses, medium_goods, heavy_goods, buses, tractors, motorcycles, bicycles, pedestrians, is_market_day, created_at) VALUES (162, 3, DATE '2024-09-01' + INTERVAL '2 day', NULL, NULL, 0, 48, 0, 0, 0, 0, 0, 0, 0, 0, FALSE, DATE '2024-09-01' + INTERVAL '2 day' + INTERVAL '2 hour');
INSERT INTO traffic_count_record (count_id, traffic_survey_id, count_date, time_block_from, time_block_to, cars, light_goods, minibuses, medium_goods, heavy_goods, buses, tractors, motorcycles, bicycles, pedestrians, is_market_day, created_at) VALUES (163, 3, DATE '2024-09-01' + INTERVAL '2 day', NULL, NULL, 0, 0, 29, 0, 0, 0, 0, 0, 0, 0, FALSE, DATE '2024-09-01' + INTERVAL '2 day' + INTERVAL '2 hour');
INSERT INTO traffic_count_record (count_id, traffic_survey_id, count_date, time_block_from, time_block_to, cars, light_goods, minibuses, medium_goods, heavy_goods, buses, tractors, motorcycles, bicycles, pedestrians, is_market_day, created_at) VALUES (164, 3, DATE '2024-09-01' + INTERVAL '2 day', NULL, NULL, 0, 0, 0, 14, 0, 0, 0, 0, 0, 0, FALSE, DATE '2024-09-01' + INTERVAL '2 day' + INTERVAL '2 hour');
INSERT INTO traffic_count_record (count_id, traffic_survey_id, count_date, time_block_from, time_block_to, cars, light_goods, minibuses, medium_goods, heavy_goods, buses, tractors, motorcycles, bicycles, pedestrians, is_market_day, created_at) VALUES (165, 3, DATE '2024-09-01' + INTERVAL '2 day', NULL, NULL, 0, 0, 0, 0, 5, 0, 0, 0, 0, 0, FALSE, DATE '2024-09-01' + INTERVAL '2 day' + INTERVAL '2 hour');
INSERT INTO traffic_count_record (count_id, traffic_survey_id, count_date, time_block_from, time_block_to, cars, light_goods, minibuses, medium_goods, heavy_goods, buses, tractors, motorcycles, bicycles, pedestrians, is_market_day, created_at) VALUES (166, 3, DATE '2024-09-01' + INTERVAL '2 day', NULL, NULL, 0, 0, 0, 0, 0, 8, 0, 0, 0, 0, FALSE, DATE '2024-09-01' + INTERVAL '2 day' + INTERVAL '2 hour');
INSERT INTO traffic_count_record (count_id, traffic_survey_id, count_date, time_block_from, time_block_to, cars, light_goods, minibuses, medium_goods, heavy_goods, buses, tractors, motorcycles, bicycles, pedestrians, is_market_day, created_at) VALUES (167, 3, DATE '2024-09-01' + INTERVAL '2 day', NULL, NULL, 0, 0, 0, 0, 0, 0, 4, 0, 0, 0, FALSE, DATE '2024-09-01' + INTERVAL '2 day' + INTERVAL '2 hour');
INSERT INTO traffic_count_record (count_id, traffic_survey_id, count_date, time_block_from, time_block_to, cars, light_goods, minibuses, medium_goods, heavy_goods, buses, tractors, motorcycles, bicycles, pedestrians, is_market_day, created_at) VALUES (168, 3, DATE '2024-09-01' + INTERVAL '2 day', NULL, NULL, 0, 0, 0, 0, 0, 0, 0, 57, 0, 0, FALSE, DATE '2024-09-01' + INTERVAL '2 day' + INTERVAL '2 hour');
INSERT INTO traffic_count_record (count_id, traffic_survey_id, count_date, time_block_from, time_block_to, cars, light_goods, minibuses, medium_goods, heavy_goods, buses, tractors, motorcycles, bicycles, pedestrians, is_market_day, created_at) VALUES (169, 3, DATE '2024-09-01' + INTERVAL '2 day', NULL, NULL, 0, 0, 0, 0, 0, 0, 0, 0, 24, 0, FALSE, DATE '2024-09-01' + INTERVAL '2 day' + INTERVAL '2 hour');
INSERT INTO traffic_count_record (count_id, traffic_survey_id, count_date, time_block_from, time_block_to, cars, light_goods, minibuses, medium_goods, heavy_goods, buses, tractors, motorcycles, bicycles, pedestrians, is_market_day, created_at) VALUES (170, 3, DATE '2024-09-01' + INTERVAL '2 day', NULL, NULL, 0, 0, 0, 0, 0, 0, 0, 0, 0, 114, FALSE, DATE '2024-09-01' + INTERVAL '2 day' + INTERVAL '2 hour');
INSERT INTO traffic_count_record (count_id, traffic_survey_id, count_date, time_block_from, time_block_to, cars, light_goods, minibuses, medium_goods, heavy_goods, buses, tractors, motorcycles, bicycles, pedestrians, is_market_day, created_at) VALUES (171, 3, DATE '2024-09-01' + INTERVAL '3 day', NULL, NULL, 135, 0, 0, 0, 0, 0, 0, 0, 0, 0, TRUE, DATE '2024-09-01' + INTERVAL '3 day' + INTERVAL '3 hour');
INSERT INTO traffic_count_record (count_id, traffic_survey_id, count_date, time_block_from, time_block_to, cars, light_goods, minibuses, medium_goods, heavy_goods, buses, tractors, motorcycles, bicycles, pedestrians, is_market_day, created_at) VALUES (172, 3, DATE '2024-09-01' + INTERVAL '3 day', NULL, NULL, 0, 68, 0, 0, 0, 0, 0, 0, 0, 0, TRUE, DATE '2024-09-01' + INTERVAL '3 day' + INTERVAL '3 hour');
INSERT INTO traffic_count_record (count_id, traffic_survey_id, count_date, time_block_from, time_block_to, cars, light_goods, minibuses, medium_goods, heavy_goods, buses, tractors, motorcycles, bicycles, pedestrians, is_market_day, created_at) VALUES (173, 3, DATE '2024-09-01' + INTERVAL '3 day', NULL, NULL, 0, 0, 41, 0, 0, 0, 0, 0, 0, 0, TRUE, DATE '2024-09-01' + INTERVAL '3 day' + INTERVAL '3 hour');
INSERT INTO traffic_count_record (count_id, traffic_survey_id, count_date, time_block_from, time_block_to, cars, light_goods, minibuses, medium_goods, heavy_goods, buses, tractors, motorcycles, bicycles, pedestrians, is_market_day, created_at) VALUES (174, 3, DATE '2024-09-01' + INTERVAL '3 day', NULL, NULL, 0, 0, 0, 20, 0, 0, 0, 0, 0, 0, TRUE, DATE '2024-09-01' + INTERVAL '3 day' + INTERVAL '3 hour');
INSERT INTO traffic_count_record (count_id, traffic_survey_id, count_date, time_block_from, time_block_to, cars, light_goods, minibuses, medium_goods, heavy_goods, buses, tractors, motorcycles, bicycles, pedestrians, is_market_day, created_at) VALUES (175, 3, DATE '2024-09-01' + INTERVAL '3 day', NULL, NULL, 0, 0, 0, 0, 7, 0, 0, 0, 0, 0, TRUE, DATE '2024-09-01' + INTERVAL '3 day' + INTERVAL '3 hour');
INSERT INTO traffic_count_record (count_id, traffic_survey_id, count_date, time_block_from, time_block_to, cars, light_goods, minibuses, medium_goods, heavy_goods, buses, tractors, motorcycles, bicycles, pedestrians, is_market_day, created_at) VALUES (176, 3, DATE '2024-09-01' + INTERVAL '3 day', NULL, NULL, 0, 0, 0, 0, 0, 11, 0, 0, 0, 0, TRUE, DATE '2024-09-01' + INTERVAL '3 day' + INTERVAL '3 hour');
INSERT INTO traffic_count_record (count_id, traffic_survey_id, count_date, time_block_from, time_block_to, cars, light_goods, minibuses, medium_goods, heavy_goods, buses, tractors, motorcycles, bicycles, pedestrians, is_market_day, created_at) VALUES (177, 3, DATE '2024-09-01' + INTERVAL '3 day', NULL, NULL, 0, 0, 0, 0, 0, 0, 5, 0, 0, 0, TRUE, DATE '2024-09-01' + INTERVAL '3 day' + INTERVAL '3 hour');
INSERT INTO traffic_count_record (count_id, traffic_survey_id, count_date, time_block_from, time_block_to, cars, light_goods, minibuses, medium_goods, heavy_goods, buses, tractors, motorcycles, bicycles, pedestrians, is_market_day, created_at) VALUES (178, 3, DATE '2024-09-01' + INTERVAL '3 day', NULL, NULL, 0, 0, 0, 0, 0, 0, 0, 81, 0, 0, TRUE, DATE '2024-09-01' + INTERVAL '3 day' + INTERVAL '3 hour');
INSERT INTO traffic_count_record (count_id, traffic_survey_id, count_date, time_block_from, time_block_to, cars, light_goods, minibuses, medium_goods, heavy_goods, buses, tractors, motorcycles, bicycles, pedestrians, is_market_day, created_at) VALUES (179, 3, DATE '2024-09-01' + INTERVAL '3 day', NULL, NULL, 0, 0, 0, 0, 0, 0, 0, 0, 34, 0, TRUE, DATE '2024-09-01' + INTERVAL '3 day' + INTERVAL '3 hour');
INSERT INTO traffic_count_record (count_id, traffic_survey_id, count_date, time_block_from, time_block_to, cars, light_goods, minibuses, medium_goods, heavy_goods, buses, tractors, motorcycles, bicycles, pedestrians, is_market_day, created_at) VALUES (180, 3, DATE '2024-09-01' + INTERVAL '3 day', NULL, NULL, 0, 0, 0, 0, 0, 0, 0, 0, 0, 162, TRUE, DATE '2024-09-01' + INTERVAL '3 day' + INTERVAL '3 hour');
INSERT INTO traffic_count_record (count_id, traffic_survey_id, count_date, time_block_from, time_block_to, cars, light_goods, minibuses, medium_goods, heavy_goods, buses, tractors, motorcycles, bicycles, pedestrians, is_market_day, created_at) VALUES (181, 3, DATE '2024-09-01' + INTERVAL '4 day', NULL, NULL, 110, 0, 0, 0, 0, 0, 0, 0, 0, 0, FALSE, DATE '2024-09-01' + INTERVAL '4 day' + INTERVAL '4 hour');
INSERT INTO traffic_count_record (count_id, traffic_survey_id, count_date, time_block_from, time_block_to, cars, light_goods, minibuses, medium_goods, heavy_goods, buses, tractors, motorcycles, bicycles, pedestrians, is_market_day, created_at) VALUES (182, 3, DATE '2024-09-01' + INTERVAL '4 day', NULL, NULL, 0, 55, 0, 0, 0, 0, 0, 0, 0, 0, FALSE, DATE '2024-09-01' + INTERVAL '4 day' + INTERVAL '4 hour');
INSERT INTO traffic_count_record (count_id, traffic_survey_id, count_date, time_block_from, time_block_to, cars, light_goods, minibuses, medium_goods, heavy_goods, buses, tractors, motorcycles, bicycles, pedestrians, is_market_day, created_at) VALUES (183, 3, DATE '2024-09-01' + INTERVAL '4 day', NULL, NULL, 0, 0, 33, 0, 0, 0, 0, 0, 0, 0, FALSE, DATE '2024-09-01' + INTERVAL '4 day' + INTERVAL '4 hour');
INSERT INTO traffic_count_record (count_id, traffic_survey_id, count_date, time_block_from, time_block_to, cars, light_goods, minibuses, medium_goods, heavy_goods, buses, tractors, motorcycles, bicycles, pedestrians, is_market_day, created_at) VALUES (184, 3, DATE '2024-09-01' + INTERVAL '4 day', NULL, NULL, 0, 0, 0, 17, 0, 0, 0, 0, 0, 0, FALSE, DATE '2024-09-01' + INTERVAL '4 day' + INTERVAL '4 hour');
INSERT INTO traffic_count_record (count_id, traffic_survey_id, count_date, time_block_from, time_block_to, cars, light_goods, minibuses, medium_goods, heavy_goods, buses, tractors, motorcycles, bicycles, pedestrians, is_market_day, created_at) VALUES (185, 3, DATE '2024-09-01' + INTERVAL '4 day', NULL, NULL, 0, 0, 0, 0, 6, 0, 0, 0, 0, 0, FALSE, DATE '2024-09-01' + INTERVAL '4 day' + INTERVAL '4 hour');
INSERT INTO traffic_count_record (count_id, traffic_survey_id, count_date, time_block_from, time_block_to, cars, light_goods, minibuses, medium_goods, heavy_goods, buses, tractors, motorcycles, bicycles, pedestrians, is_market_day, created_at) VALUES (186, 3, DATE '2024-09-01' + INTERVAL '4 day', NULL, NULL, 0, 0, 0, 0, 0, 9, 0, 0, 0, 0, FALSE, DATE '2024-09-01' + INTERVAL '4 day' + INTERVAL '4 hour');
INSERT INTO traffic_count_record (count_id, traffic_survey_id, count_date, time_block_from, time_block_to, cars, light_goods, minibuses, medium_goods, heavy_goods, buses, tractors, motorcycles, bicycles, pedestrians, is_market_day, created_at) VALUES (187, 3, DATE '2024-09-01' + INTERVAL '4 day', NULL, NULL, 0, 0, 0, 0, 0, 0, 4, 0, 0, 0, FALSE, DATE '2024-09-01' + INTERVAL '4 day' + INTERVAL '4 hour');
INSERT INTO traffic_count_record (count_id, traffic_survey_id, count_date, time_block_from, time_block_to, cars, light_goods, minibuses, medium_goods, heavy_goods, buses, tractors, motorcycles, bicycles, pedestrians, is_market_day, created_at) VALUES (188, 3, DATE '2024-09-01' + INTERVAL '4 day', NULL, NULL, 0, 0, 0, 0, 0, 0, 0, 66, 0, 0, FALSE, DATE '2024-09-01' + INTERVAL '4 day' + INTERVAL '4 hour');
INSERT INTO traffic_count_record (count_id, traffic_survey_id, count_date, time_block_from, time_block_to, cars, light_goods, minibuses, medium_goods, heavy_goods, buses, tractors, motorcycles, bicycles, pedestrians, is_market_day, created_at) VALUES (189, 3, DATE '2024-09-01' + INTERVAL '4 day', NULL, NULL, 0, 0, 0, 0, 0, 0, 0, 0, 28, 0, FALSE, DATE '2024-09-01' + INTERVAL '4 day' + INTERVAL '4 hour');
INSERT INTO traffic_count_record (count_id, traffic_survey_id, count_date, time_block_from, time_block_to, cars, light_goods, minibuses, medium_goods, heavy_goods, buses, tractors, motorcycles, bicycles, pedestrians, is_market_day, created_at) VALUES (190, 3, DATE '2024-09-01' + INTERVAL '4 day', NULL, NULL, 0, 0, 0, 0, 0, 0, 0, 0, 0, 132, FALSE, DATE '2024-09-01' + INTERVAL '4 day' + INTERVAL '4 hour');
INSERT INTO traffic_count_record (count_id, traffic_survey_id, count_date, time_block_from, time_block_to, cars, light_goods, minibuses, medium_goods, heavy_goods, buses, tractors, motorcycles, bicycles, pedestrians, is_market_day, created_at) VALUES (191, 3, DATE '2024-09-01' + INTERVAL '5 day', NULL, NULL, 60, 0, 0, 0, 0, 0, 0, 0, 0, 0, FALSE, DATE '2024-09-01' + INTERVAL '5 day' + INTERVAL '5 hour');
INSERT INTO traffic_count_record (count_id, traffic_survey_id, count_date, time_block_from, time_block_to, cars, light_goods, minibuses, medium_goods, heavy_goods, buses, tractors, motorcycles, bicycles, pedestrians, is_market_day, created_at) VALUES (192, 3, DATE '2024-09-01' + INTERVAL '5 day', NULL, NULL, 0, 30, 0, 0, 0, 0, 0, 0, 0, 0, FALSE, DATE '2024-09-01' + INTERVAL '5 day' + INTERVAL '5 hour');
INSERT INTO traffic_count_record (count_id, traffic_survey_id, count_date, time_block_from, time_block_to, cars, light_goods, minibuses, medium_goods, heavy_goods, buses, tractors, motorcycles, bicycles, pedestrians, is_market_day, created_at) VALUES (193, 3, DATE '2024-09-01' + INTERVAL '5 day', NULL, NULL, 0, 0, 18, 0, 0, 0, 0, 0, 0, 0, FALSE, DATE '2024-09-01' + INTERVAL '5 day' + INTERVAL '5 hour');
INSERT INTO traffic_count_record (count_id, traffic_survey_id, count_date, time_block_from, time_block_to, cars, light_goods, minibuses, medium_goods, heavy_goods, buses, tractors, motorcycles, bicycles, pedestrians, is_market_day, created_at) VALUES (194, 3, DATE '2024-09-01' + INTERVAL '5 day', NULL, NULL, 0, 0, 0, 9, 0, 0, 0, 0, 0, 0, FALSE, DATE '2024-09-01' + INTERVAL '5 day' + INTERVAL '5 hour');
INSERT INTO traffic_count_record (count_id, traffic_survey_id, count_date, time_block_from, time_block_to, cars, light_goods, minibuses, medium_goods, heavy_goods, buses, tractors, motorcycles, bicycles, pedestrians, is_market_day, created_at) VALUES (195, 3, DATE '2024-09-01' + INTERVAL '5 day', NULL, NULL, 0, 0, 0, 0, 3, 0, 0, 0, 0, 0, FALSE, DATE '2024-09-01' + INTERVAL '5 day' + INTERVAL '5 hour');
INSERT INTO traffic_count_record (count_id, traffic_survey_id, count_date, time_block_from, time_block_to, cars, light_goods, minibuses, medium_goods, heavy_goods, buses, tractors, motorcycles, bicycles, pedestrians, is_market_day, created_at) VALUES (196, 3, DATE '2024-09-01' + INTERVAL '5 day', NULL, NULL, 0, 0, 0, 0, 0, 5, 0, 0, 0, 0, FALSE, DATE '2024-09-01' + INTERVAL '5 day' + INTERVAL '5 hour');
INSERT INTO traffic_count_record (count_id, traffic_survey_id, count_date, time_block_from, time_block_to, cars, light_goods, minibuses, medium_goods, heavy_goods, buses, tractors, motorcycles, bicycles, pedestrians, is_market_day, created_at) VALUES (197, 3, DATE '2024-09-01' + INTERVAL '5 day', NULL, NULL, 0, 0, 0, 0, 0, 0, 2, 0, 0, 0, FALSE, DATE '2024-09-01' + INTERVAL '5 day' + INTERVAL '5 hour');
INSERT INTO traffic_count_record (count_id, traffic_survey_id, count_date, time_block_from, time_block_to, cars, light_goods, minibuses, medium_goods, heavy_goods, buses, tractors, motorcycles, bicycles, pedestrians, is_market_day, created_at) VALUES (198, 3, DATE '2024-09-01' + INTERVAL '5 day', NULL, NULL, 0, 0, 0, 0, 0, 0, 0, 36, 0, 0, FALSE, DATE '2024-09-01' + INTERVAL '5 day' + INTERVAL '5 hour');
INSERT INTO traffic_count_record (count_id, traffic_survey_id, count_date, time_block_from, time_block_to, cars, light_goods, minibuses, medium_goods, heavy_goods, buses, tractors, motorcycles, bicycles, pedestrians, is_market_day, created_at) VALUES (199, 3, DATE '2024-09-01' + INTERVAL '5 day', NULL, NULL, 0, 0, 0, 0, 0, 0, 0, 0, 15, 0, FALSE, DATE '2024-09-01' + INTERVAL '5 day' + INTERVAL '5 hour');
INSERT INTO traffic_count_record (count_id, traffic_survey_id, count_date, time_block_from, time_block_to, cars, light_goods, minibuses, medium_goods, heavy_goods, buses, tractors, motorcycles, bicycles, pedestrians, is_market_day, created_at) VALUES (200, 3, DATE '2024-09-01' + INTERVAL '5 day', NULL, NULL, 0, 0, 0, 0, 0, 0, 0, 0, 0, 72, FALSE, DATE '2024-09-01' + INTERVAL '5 day' + INTERVAL '5 hour');
INSERT INTO traffic_count_record (count_id, traffic_survey_id, count_date, time_block_from, time_block_to, cars, light_goods, minibuses, medium_goods, heavy_goods, buses, tractors, motorcycles, bicycles, pedestrians, is_market_day, created_at) VALUES (201, 3, DATE '2024-09-01' + INTERVAL '6 day', NULL, NULL, 90, 0, 0, 0, 0, 0, 0, 0, 0, 0, FALSE, DATE '2024-09-01' + INTERVAL '6 day' + INTERVAL '6 hour');
INSERT INTO traffic_count_record (count_id, traffic_survey_id, count_date, time_block_from, time_block_to, cars, light_goods, minibuses, medium_goods, heavy_goods, buses, tractors, motorcycles, bicycles, pedestrians, is_market_day, created_at) VALUES (202, 3, DATE '2024-09-01' + INTERVAL '6 day', NULL, NULL, 0, 45, 0, 0, 0, 0, 0, 0, 0, 0, FALSE, DATE '2024-09-01' + INTERVAL '6 day' + INTERVAL '6 hour');
INSERT INTO traffic_count_record (count_id, traffic_survey_id, count_date, time_block_from, time_block_to, cars, light_goods, minibuses, medium_goods, heavy_goods, buses, tractors, motorcycles, bicycles, pedestrians, is_market_day, created_at) VALUES (203, 3, DATE '2024-09-01' + INTERVAL '6 day', NULL, NULL, 0, 0, 27, 0, 0, 0, 0, 0, 0, 0, FALSE, DATE '2024-09-01' + INTERVAL '6 day' + INTERVAL '6 hour');
INSERT INTO traffic_count_record (count_id, traffic_survey_id, count_date, time_block_from, time_block_to, cars, light_goods, minibuses, medium_goods, heavy_goods, buses, tractors, motorcycles, bicycles, pedestrians, is_market_day, created_at) VALUES (204, 3, DATE '2024-09-01' + INTERVAL '6 day', NULL, NULL, 0, 0, 0, 14, 0, 0, 0, 0, 0, 0, FALSE, DATE '2024-09-01' + INTERVAL '6 day' + INTERVAL '6 hour');
INSERT INTO traffic_count_record (count_id, traffic_survey_id, count_date, time_block_from, time_block_to, cars, light_goods, minibuses, medium_goods, heavy_goods, buses, tractors, motorcycles, bicycles, pedestrians, is_market_day, created_at) VALUES (205, 3, DATE '2024-09-01' + INTERVAL '6 day', NULL, NULL, 0, 0, 0, 0, 5, 0, 0, 0, 0, 0, FALSE, DATE '2024-09-01' + INTERVAL '6 day' + INTERVAL '6 hour');
INSERT INTO traffic_count_record (count_id, traffic_survey_id, count_date, time_block_from, time_block_to, cars, light_goods, minibuses, medium_goods, heavy_goods, buses, tractors, motorcycles, bicycles, pedestrians, is_market_day, created_at) VALUES (206, 3, DATE '2024-09-01' + INTERVAL '6 day', NULL, NULL, 0, 0, 0, 0, 0, 7, 0, 0, 0, 0, FALSE, DATE '2024-09-01' + INTERVAL '6 day' + INTERVAL '6 hour');
INSERT INTO traffic_count_record (count_id, traffic_survey_id, count_date, time_block_from, time_block_to, cars, light_goods, minibuses, medium_goods, heavy_goods, buses, tractors, motorcycles, bicycles, pedestrians, is_market_day, created_at) VALUES (207, 3, DATE '2024-09-01' + INTERVAL '6 day', NULL, NULL, 0, 0, 0, 0, 0, 0, 4, 0, 0, 0, FALSE, DATE '2024-09-01' + INTERVAL '6 day' + INTERVAL '6 hour');
INSERT INTO traffic_count_record (count_id, traffic_survey_id, count_date, time_block_from, time_block_to, cars, light_goods, minibuses, medium_goods, heavy_goods, buses, tractors, motorcycles, bicycles, pedestrians, is_market_day, created_at) VALUES (208, 3, DATE '2024-09-01' + INTERVAL '6 day', NULL, NULL, 0, 0, 0, 0, 0, 0, 0, 54, 0, 0, FALSE, DATE '2024-09-01' + INTERVAL '6 day' + INTERVAL '6 hour');
INSERT INTO traffic_count_record (count_id, traffic_survey_id, count_date, time_block_from, time_block_to, cars, light_goods, minibuses, medium_goods, heavy_goods, buses, tractors, motorcycles, bicycles, pedestrians, is_market_day, created_at) VALUES (209, 3, DATE '2024-09-01' + INTERVAL '6 day', NULL, NULL, 0, 0, 0, 0, 0, 0, 0, 0, 23, 0, FALSE, DATE '2024-09-01' + INTERVAL '6 day' + INTERVAL '6 hour');
INSERT INTO traffic_count_record (count_id, traffic_survey_id, count_date, time_block_from, time_block_to, cars, light_goods, minibuses, medium_goods, heavy_goods, buses, tractors, motorcycles, bicycles, pedestrians, is_market_day, created_at) VALUES (210, 3, DATE '2024-09-01' + INTERVAL '6 day', NULL, NULL, 0, 0, 0, 0, 0, 0, 0, 0, 0, 108, FALSE, DATE '2024-09-01' + INTERVAL '6 day' + INTERVAL '6 hour');